광고세트,연령,유형구분,타겟팅,비용,노출,링크클릭,전환수,전환값,ROAS,CPA
0.브랜디드-MO-스스 1위 1500원,14세 ~ 18세,네이버_파워링크,타겟팅,2596.0,501,4.0,0.0,0.0,0.0,0.0
0.브랜디드-MO-스스 1위 1500원,14세 미만,네이버_파워링크,타겟팅,0.0,42,0.0,0.0,0.0,0.0,0.0
0.브랜디드-MO-스스 1위 1500원,19세 ~ 24세,네이버_파워링크,타겟팅,4796.0,1120,16.0,0.0,0.0,0.0,0.0
0.브랜디드-MO-스스 1위 1500원,25세 ~ 29세,네이버_파워링크,타겟팅,4191.0,1671,33.0,7.0,203500.0,4855.643044619423,598.7142857142857
0.브랜디드-MO-스스 1위 1500원,30세 ~ 34세,네이버_파워링크,타겟팅,5236.0,1718,43.0,9.0,381650.0,7288.96103896104,581.7777777777778
0.브랜디드-MO-스스 1위 1500원,35세 ~ 39세,네이버_파워링크,타겟팅,6919.0,1413,22.0,7.0,210100.0,3036.5659777424485,988.4285714285714
0.브랜디드-MO-스스 1위 1500원,40세 ~ 44세,네이버_파워링크,타겟팅,3795.0,1341,28.0,6.0,230710.0,6079.31488801054,632.5
0.브랜디드-MO-스스 1위 1500원,45세 ~ 49세,네이버_파워링크,타겟팅,6391.0,913,16.0,0.0,0.0,0.0,0.0
0.브랜디드-MO-스스 1위 1500원,50세 ~ 54세,네이버_파워링크,타겟팅,1815.0,710,7.0,2.0,107560.0,5926.170798898072,907.5
0.브랜디드-MO-스스 1위 1500원,55세 ~ 59세,네이버_파워링크,타겟팅,1771.0,351,3.0,0.0,0.0,0.0,0.0
0.브랜디드-MO-스스 1위 1500원,60세 ~ 99세,네이버_파워링크,타겟팅,3344.0,434,7.0,0.0,0.0,0.0,0.0
0.브랜디드-MO-스스 1위 1500원,알 수 없음,네이버_파워링크,타겟팅,3003.0,7439,13.0,0.0,0.0,0.0,0.0
0.브랜디드-PC-스스 3위,14세 ~ 18세,네이버_파워링크,타겟팅,77.0,2142,1.0,0.0,0.0,0.0,0.0
0.브랜디드-PC-스스 3위,14세 미만,네이버_파워링크,타겟팅,0.0,81,0.0,0.0,0.0,0.0,0.0
0.브랜디드-PC-스스 3위,19세 ~ 24세,네이버_파워링크,타겟팅,319.0,4619,1.0,0.0,0.0,0.0,0.0
0.브랜디드-PC-스스 3위,25세 ~ 29세,네이버_파워링크,타겟팅,0.0,3408,0.0,0.0,0.0,0.0,0.0
0.브랜디드-PC-스스 3위,30세 ~ 34세,네이버_파워링크,타겟팅,847.0,1969,3.0,0.0,0.0,0.0,0.0
0.브랜디드-PC-스스 3위,35세 ~ 39세,네이버_파워링크,타겟팅,319.0,658,1.0,2.0,25500.0,7993.730407523511,159.5
0.브랜디드-PC-스스 3위,40세 ~ 44세,네이버_파워링크,타겟팅,275.0,524,1.0,0.0,0.0,0.0,0.0
0.브랜디드-PC-스스 3위,45세 ~ 49세,네이버_파워링크,타겟팅,0.0,416,0.0,0.0,0.0,0.0,0.0
0.브랜디드-PC-스스 3위,50세 ~ 54세,네이버_파워링크,타겟팅,264.0,263,1.0,0.0,0.0,0.0,0.0
0.브랜디드-PC-스스 3위,55세 ~ 59세,네이버_파워링크,타겟팅,0.0,226,0.0,0.0,0.0,0.0,0.0
0.브랜디드-PC-스스 3위,60세 ~ 99세,네이버_파워링크,타겟팅,0.0,150,0.0,0.0,0.0,0.0,0.0
0.브랜디드-PC-스스 3위,알 수 없음,네이버_파워링크,타겟팅,594.0,2260,2.0,0.0,0.0,0.0,0.0
1.브랜디드-MO-스스 1위 1300원,14세 ~ 18세,네이버_파워링크,타겟팅,0.0,4,0.0,0.0,0.0,0.0,0.0
1.브랜디드-MO-스스 1위 1300원,19세 ~ 24세,네이버_파워링크,타겟팅,0.0,16,0.0,0.0,0.0,0.0,0.0
1.브랜디드-MO-스스 1위 1300원,25세 ~ 29세,네이버_파워링크,타겟팅,0.0,53,0.0,0.0,0.0,0.0,0.0
1.브랜디드-MO-스스 1위 1300원,30세 ~ 34세,네이버_파워링크,타겟팅,0.0,55,0.0,0.0,0.0,0.0,0.0
1.브랜디드-MO-스스 1위 1300원,35세 ~ 39세,네이버_파워링크,타겟팅,0.0,31,0.0,0.0,0.0,0.0,0.0
1.브랜디드-MO-스스 1위 1300원,40세 ~ 44세,네이버_파워링크,타겟팅,341.0,53,1.0,0.0,0.0,0.0,0.0
1.브랜디드-MO-스스 1위 1300원,45세 ~ 49세,네이버_파워링크,타겟팅,0.0,16,0.0,0.0,0.0,0.0,0.0
1.브랜디드-MO-스스 1위 1300원,50세 ~ 54세,네이버_파워링크,타겟팅,88.0,23,2.0,0.0,0.0,0.0,0.0
1.브랜디드-MO-스스 1위 1300원,55세 ~ 59세,네이버_파워링크,타겟팅,0.0,4,0.0,0.0,0.0,0.0,0.0
1.브랜디드-MO-스스 1위 1300원,60세 ~ 99세,네이버_파워링크,타겟팅,0.0,2,0.0,0.0,0.0,0.0,0.0
1.브랜디드-MO-스스 1위 1300원,알 수 없음,네이버_파워링크,타겟팅,0.0,13,0.0,0.0,0.0,0.0,0.0
1.브랜디드-MO-스스 1위 1500원,14세 ~ 18세,네이버_파워링크,타겟팅,165.0,362,1.0,0.0,0.0,0.0,0.0
1.브랜디드-MO-스스 1위 1500원,14세 미만,네이버_파워링크,타겟팅,0.0,28,0.0,0.0,0.0,0.0,0.0
1.브랜디드-MO-스스 1위 1500원,19세 ~ 24세,네이버_파워링크,타겟팅,825.0,1505,3.0,0.0,0.0,0.0,0.0
1.브랜디드-MO-스스 1위 1500원,25세 ~ 29세,네이버_파워링크,타겟팅,3839.0,2249,11.0,1.0,27930.0,727.5332117738994,3839.0
1.브랜디드-MO-스스 1위 1500원,30세 ~ 34세,네이버_파워링크,타겟팅,1331.0,2235,6.0,1.0,28130.0,2113.4485349361385,1331.0
1.브랜디드-MO-스스 1위 1500원,35세 ~ 39세,네이버_파워링크,타겟팅,660.0,1740,3.0,1.0,27930.0,4231.818181818182,660.0
1.브랜디드-MO-스스 1위 1500원,40세 ~ 44세,네이버_파워링크,타겟팅,1914.0,1653,9.0,1.0,28090.0,1467.6071055381399,1914.0
1.브랜디드-MO-스스 1위 1500원,45세 ~ 49세,네이버_파워링크,타겟팅,2211.0,1194,8.0,0.0,0.0,0.0,0.0
1.브랜디드-MO-스스 1위 1500원,50세 ~ 54세,네이버_파워링크,타겟팅,550.0,985,3.0,0.0,0.0,0.0,0.0
1.브랜디드-MO-스스 1위 1500원,55세 ~ 59세,네이버_파워링크,타겟팅,484.0,467,1.0,0.0,0.0,0.0,0.0
1.브랜디드-MO-스스 1위 1500원,60세 ~ 99세,네이버_파워링크,타겟팅,209.0,474,2.0,1.0,15000.0,7177.033492822966,209.0
1.브랜디드-MO-스스 1위 1500원,알 수 없음,네이버_파워링크,타겟팅,88.0,563,1.0,0.0,0.0,0.0,0.0
1.브랜디드-MO-스스 1위 1700원,14세 ~ 18세,네이버_파워링크,타겟팅,0.0,7,0.0,0.0,0.0,0.0,0.0
1.브랜디드-MO-스스 1위 1700원,14세 미만,네이버_파워링크,타겟팅,0.0,1,0.0,0.0,0.0,0.0,0.0
1.브랜디드-MO-스스 1위 1700원,19세 ~ 24세,네이버_파워링크,타겟팅,418.0,20,1.0,0.0,0.0,0.0,0.0
1.브랜디드-MO-스스 1위 1700원,25세 ~ 29세,네이버_파워링크,타겟팅,451.0,36,2.0,1.0,27160.0,6022.172949002217,451.0
1.브랜디드-MO-스스 1위 1700원,30세 ~ 34세,네이버_파워링크,타겟팅,0.0,64,1.0,0.0,0.0,0.0,0.0
1.브랜디드-MO-스스 1위 1700원,35세 ~ 39세,네이버_파워링크,타겟팅,374.0,47,1.0,0.0,0.0,0.0,0.0
1.브랜디드-MO-스스 1위 1700원,40세 ~ 44세,네이버_파워링크,타겟팅,0.0,47,0.0,0.0,0.0,0.0,0.0
1.브랜디드-MO-스스 1위 1700원,45세 ~ 49세,네이버_파워링크,타겟팅,418.0,24,1.0,0.0,0.0,0.0,0.0
1.브랜디드-MO-스스 1위 1700원,50세 ~ 54세,네이버_파워링크,타겟팅,374.0,20,1.0,0.0,0.0,0.0,0.0
1.브랜디드-MO-스스 1위 1700원,55세 ~ 59세,네이버_파워링크,타겟팅,0.0,11,0.0,0.0,0.0,0.0,0.0
1.브랜디드-MO-스스 1위 1700원,60세 ~ 99세,네이버_파워링크,타겟팅,77.0,6,1.0,0.0,0.0,0.0,0.0
1.브랜디드-MO-스스 1위 1700원,알 수 없음,네이버_파워링크,타겟팅,0.0,11,0.0,0.0,0.0,0.0,0.0
1.브랜디드-MO-스스 1위 600,14세 ~ 18세,네이버_파워링크,타겟팅,0.0,4,0.0,0.0,0.0,0.0,0.0
1.브랜디드-MO-스스 1위 600,19세 ~ 24세,네이버_파워링크,타겟팅,0.0,49,0.0,0.0,0.0,0.0,0.0
1.브랜디드-MO-스스 1위 600,25세 ~ 29세,네이버_파워링크,타겟팅,0.0,45,0.0,0.0,0.0,0.0,0.0
1.브랜디드-MO-스스 1위 600,30세 ~ 34세,네이버_파워링크,타겟팅,572.0,40,1.0,0.0,0.0,0.0,0.0
1.브랜디드-MO-스스 1위 600,35세 ~ 39세,네이버_파워링크,타겟팅,0.0,23,0.0,0.0,0.0,0.0,0.0
1.브랜디드-MO-스스 1위 600,40세 ~ 44세,네이버_파워링크,타겟팅,0.0,5,0.0,0.0,0.0,0.0,0.0
1.브랜디드-MO-스스 1위 600,45세 ~ 49세,네이버_파워링크,타겟팅,0.0,7,0.0,0.0,0.0,0.0,0.0
1.브랜디드-MO-스스 1위 600,50세 ~ 54세,네이버_파워링크,타겟팅,0.0,6,0.0,0.0,0.0,0.0,0.0
1.브랜디드-MO-스스 1위 600,55세 ~ 59세,네이버_파워링크,타겟팅,0.0,4,0.0,0.0,0.0,0.0,0.0
1.브랜디드-MO-스스 1위 600,알 수 없음,네이버_파워링크,타겟팅,0.0,6,0.0,0.0,0.0,0.0,0.0
1.브랜디드-PC-스스 1위 1000원,19세 ~ 24세,네이버_파워링크,타겟팅,0.0,1,0.0,0.0,0.0,0.0,0.0
1.브랜디드-PC-스스 1위 1000원,25세 ~ 29세,네이버_파워링크,타겟팅,0.0,5,0.0,0.0,0.0,0.0,0.0
1.브랜디드-PC-스스 1위 1000원,30세 ~ 34세,네이버_파워링크,타겟팅,319.0,13,1.0,0.0,0.0,0.0,0.0
1.브랜디드-PC-스스 1위 1000원,35세 ~ 39세,네이버_파워링크,타겟팅,0.0,5,0.0,0.0,0.0,0.0,0.0
1.브랜디드-PC-스스 1위 1000원,40세 ~ 44세,네이버_파워링크,타겟팅,0.0,7,0.0,0.0,0.0,0.0,0.0
1.브랜디드-PC-스스 1위 1000원,45세 ~ 49세,네이버_파워링크,타겟팅,0.0,5,0.0,0.0,0.0,0.0,0.0
1.브랜디드-PC-스스 1위 1000원,50세 ~ 54세,네이버_파워링크,타겟팅,0.0,1,0.0,0.0,0.0,0.0,0.0
1.브랜디드-PC-스스 1위 1000원,55세 ~ 59세,네이버_파워링크,타겟팅,0.0,1,0.0,0.0,0.0,0.0,0.0
1.브랜디드-PC-스스 1위 1000원,알 수 없음,네이버_파워링크,타겟팅,0.0,12,0.0,0.0,0.0,0.0,0.0
1.브랜디드-PC-스스 1위 1500원,14세 ~ 18세,네이버_파워링크,타겟팅,0.0,3,0.0,0.0,0.0,0.0,0.0
1.브랜디드-PC-스스 1위 1500원,19세 ~ 24세,네이버_파워링크,타겟팅,330.0,13,1.0,1.0,26380.0,7993.939393939394,330.0
1.브랜디드-PC-스스 1위 1500원,25세 ~ 29세,네이버_파워링크,타겟팅,231.0,37,2.0,0.0,0.0,0.0,0.0
1.브랜디드-PC-스스 1위 1500원,30세 ~ 34세,네이버_파워링크,타겟팅,253.0,37,1.0,0.0,0.0,0.0,0.0
1.브랜디드-PC-스스 1위 1500원,35세 ~ 39세,네이버_파워링크,타겟팅,154.0,32,1.0,0.0,0.0,0.0,0.0
1.브랜디드-PC-스스 1위 1500원,40세 ~ 44세,네이버_파워링크,타겟팅,0.0,24,0.0,0.0,0.0,0.0,0.0
1.브랜디드-PC-스스 1위 1500원,45세 ~ 49세,네이버_파워링크,타겟팅,0.0,20,0.0,0.0,0.0,0.0,0.0
1.브랜디드-PC-스스 1위 1500원,50세 ~ 54세,네이버_파워링크,타겟팅,0.0,3,0.0,0.0,0.0,0.0,0.0
1.브랜디드-PC-스스 1위 1500원,55세 ~ 59세,네이버_파워링크,타겟팅,0.0,3,0.0,0.0,0.0,0.0,0.0
1.브랜디드-PC-스스 1위 1500원,60세 ~ 99세,네이버_파워링크,타겟팅,0.0,4,0.0,0.0,0.0,0.0,0.0
1.브랜디드-PC-스스 1위 1500원,알 수 없음,네이버_파워링크,타겟팅,0.0,82,0.0,0.0,0.0,0.0,0.0
1.브랜디드-PC-스스 1위 500,19세 ~ 24세,네이버_파워링크,타겟팅,0.0,2,0.0,0.0,0.0,0.0,0.0
1.브랜디드-PC-스스 1위 500,25세 ~ 29세,네이버_파워링크,타겟팅,0.0,9,0.0,0.0,0.0,0.0,0.0
1.브랜디드-PC-스스 1위 500,30세 ~ 34세,네이버_파워링크,타겟팅,0.0,9,0.0,0.0,0.0,0.0,0.0
1.브랜디드-PC-스스 1위 500,35세 ~ 39세,네이버_파워링크,타겟팅,0.0,3,0.0,0.0,0.0,0.0,0.0
1.브랜디드-PC-스스 1위 500,40세 ~ 44세,네이버_파워링크,타겟팅,0.0,1,0.0,0.0,0.0,0.0,0.0
1.브랜디드-PC-스스 1위 500,50세 ~ 54세,네이버_파워링크,타겟팅,0.0,1,0.0,0.0,0.0,0.0,0.0
1.브랜디드-PC-스스 1위 500,알 수 없음,네이버_파워링크,타겟팅,77.0,7,1.0,0.0,0.0,0.0,0.0
1.브랜디드-PC-스스 1위 500원,14세 ~ 18세,네이버_파워링크,타겟팅,0.0,7,0.0,0.0,0.0,0.0,0.0
1.브랜디드-PC-스스 1위 500원,19세 ~ 24세,네이버_파워링크,타겟팅,341.0,18,1.0,0.0,0.0,0.0,0.0
1.브랜디드-PC-스스 1위 500원,25세 ~ 29세,네이버_파워링크,타겟팅,0.0,77,0.0,0.0,0.0,0.0,0.0
1.브랜디드-PC-스스 1위 500원,30세 ~ 34세,네이버_파워링크,타겟팅,0.0,59,0.0,0.0,0.0,0.0,0.0
1.브랜디드-PC-스스 1위 500원,35세 ~ 39세,네이버_파워링크,타겟팅,0.0,22,0.0,0.0,0.0,0.0,0.0
1.브랜디드-PC-스스 1위 500원,40세 ~ 44세,네이버_파워링크,타겟팅,0.0,26,0.0,0.0,0.0,0.0,0.0
1.브랜디드-PC-스스 1위 500원,45세 ~ 49세,네이버_파워링크,타겟팅,0.0,15,0.0,0.0,0.0,0.0,0.0
1.브랜디드-PC-스스 1위 500원,50세 ~ 54세,네이버_파워링크,타겟팅,0.0,14,0.0,0.0,0.0,0.0,0.0
1.브랜디드-PC-스스 1위 500원,55세 ~ 59세,네이버_파워링크,타겟팅,0.0,1,0.0,0.0,0.0,0.0,0.0
1.브랜디드-PC-스스 1위 500원,60세 ~ 99세,네이버_파워링크,타겟팅,0.0,5,0.0,0.0,0.0,0.0,0.0
1.브랜디드-PC-스스 1위 500원,알 수 없음,네이버_파워링크,타겟팅,220.0,100,2.0,0.0,0.0,0.0,0.0
1.브랜디드-PC-스스 1위 800원,14세 ~ 18세,네이버_파워링크,타겟팅,0.0,1,0.0,0.0,0.0,0.0,0.0
1.브랜디드-PC-스스 1위 800원,19세 ~ 24세,네이버_파워링크,타겟팅,0.0,3,0.0,0.0,0.0,0.0,0.0
1.브랜디드-PC-스스 1위 800원,25세 ~ 29세,네이버_파워링크,타겟팅,0.0,17,0.0,0.0,0.0,0.0,0.0
1.브랜디드-PC-스스 1위 800원,30세 ~ 34세,네이버_파워링크,타겟팅,0.0,23,0.0,0.0,0.0,0.0,0.0
1.브랜디드-PC-스스 1위 800원,35세 ~ 39세,네이버_파워링크,타겟팅,0.0,18,0.0,0.0,0.0,0.0,0.0
1.브랜디드-PC-스스 1위 800원,40세 ~ 44세,네이버_파워링크,타겟팅,0.0,3,0.0,0.0,0.0,0.0,0.0
1.브랜디드-PC-스스 1위 800원,45세 ~ 49세,네이버_파워링크,타겟팅,0.0,7,0.0,0.0,0.0,0.0,0.0
1.브랜디드-PC-스스 1위 800원,50세 ~ 54세,네이버_파워링크,타겟팅,0.0,4,0.0,0.0,0.0,0.0,0.0
1.브랜디드-PC-스스 1위 800원,55세 ~ 59세,네이버_파워링크,타겟팅,0.0,1,0.0,0.0,0.0,0.0,0.0
1.브랜디드-PC-스스 1위 800원,60세 ~ 99세,네이버_파워링크,타겟팅,0.0,6,0.0,0.0,0.0,0.0,0.0
1.브랜디드-PC-스스 1위 800원,알 수 없음,네이버_파워링크,타겟팅,0.0,16,0.0,0.0,0.0,0.0,0.0
1.브랜디드-PC-스스 1위_1000원,14세 ~ 18세,네이버_파워링크,타겟팅,0.0,5,0.0,0.0,0.0,0.0,0.0
1.브랜디드-PC-스스 1위_1000원,19세 ~ 24세,네이버_파워링크,타겟팅,330.0,30,1.0,0.0,0.0,0.0,0.0
1.브랜디드-PC-스스 1위_1000원,25세 ~ 29세,네이버_파워링크,타겟팅,77.0,62,1.0,0.0,0.0,0.0,0.0
1.브랜디드-PC-스스 1위_1000원,30세 ~ 34세,네이버_파워링크,타겟팅,0.0,65,0.0,0.0,0.0,0.0,0.0
1.브랜디드-PC-스스 1위_1000원,35세 ~ 39세,네이버_파워링크,타겟팅,0.0,28,0.0,0.0,0.0,0.0,0.0
1.브랜디드-PC-스스 1위_1000원,40세 ~ 44세,네이버_파워링크,타겟팅,0.0,32,0.0,0.0,0.0,0.0,0.0
1.브랜디드-PC-스스 1위_1000원,45세 ~ 49세,네이버_파워링크,타겟팅,638.0,15,1.0,0.0,0.0,0.0,0.0
1.브랜디드-PC-스스 1위_1000원,50세 ~ 54세,네이버_파워링크,타겟팅,0.0,4,0.0,0.0,0.0,0.0,0.0
1.브랜디드-PC-스스 1위_1000원,60세 ~ 99세,네이버_파워링크,타겟팅,0.0,4,0.0,0.0,0.0,0.0,0.0
1.브랜디드-PC-스스 1위_1000원,알 수 없음,네이버_파워링크,타겟팅,77.0,301,1.0,0.0,0.0,0.0,0.0
1.브랜디드-주요키워드제외-M,14세 ~ 18세,네이버_쇼핑검색,타겟팅,0.0,17,0.0,0.0,0.0,0.0,0.0
1.브랜디드-주요키워드제외-M,14세 미만,네이버_쇼핑검색,타겟팅,55.0,7,1.0,0.0,0.0,0.0,0.0
1.브랜디드-주요키워드제외-M,19세 ~ 24세,네이버_쇼핑검색,타겟팅,3289.0,122,15.0,5.0,146320.0,4448.768622681666,657.8
1.브랜디드-주요키워드제외-M,25세 ~ 29세,네이버_쇼핑검색,타겟팅,3509.0,232,16.0,2.0,55160.0,1571.9578227415218,1754.5
1.브랜디드-주요키워드제외-M,30세 ~ 34세,네이버_쇼핑검색,타겟팅,5225.0,258,15.0,4.0,99000.0,1894.736842105263,1306.25
1.브랜디드-주요키워드제외-M,35세 ~ 39세,네이버_쇼핑검색,타겟팅,2376.0,219,14.0,5.0,228600.0,9621.212121212122,475.2
1.브랜디드-주요키워드제외-M,40세 ~ 44세,네이버_쇼핑검색,타겟팅,1617.0,195,5.0,2.0,42660.0,2638.2189239332097,808.5
1.브랜디드-주요키워드제외-M,45세 ~ 49세,네이버_쇼핑검색,타겟팅,3993.0,103,7.0,1.0,27160.0,680.190333082895,3993.0
1.브랜디드-주요키워드제외-M,50세 ~ 54세,네이버_쇼핑검색,타겟팅,1210.0,91,4.0,1.0,15000.0,1239.6694214876034,1210.0
1.브랜디드-주요키워드제외-M,55세 ~ 59세,네이버_쇼핑검색,타겟팅,0.0,42,0.0,0.0,0.0,0.0,0.0
1.브랜디드-주요키워드제외-M,60세 ~ 99세,네이버_쇼핑검색,타겟팅,55.0,26,1.0,0.0,0.0,0.0,0.0
1.브랜디드-주요키워드제외-M,알 수 없음,네이버_쇼핑검색,타겟팅,814.0,124,5.0,0.0,0.0,0.0,0.0
1.브랜디드-주요키워드제외-MO,14세 ~ 18세,네이버_쇼핑검색,타겟팅,286.0,7,2.0,0.0,0.0,0.0,0.0
1.브랜디드-주요키워드제외-MO,19세 ~ 24세,네이버_쇼핑검색,타겟팅,946.0,55,7.0,0.0,0.0,0.0,0.0
1.브랜디드-주요키워드제외-MO,25세 ~ 29세,네이버_쇼핑검색,타겟팅,1474.0,64,9.0,1.0,27160.0,1842.6051560379917,1474.0
1.브랜디드-주요키워드제외-MO,30세 ~ 34세,네이버_쇼핑검색,타겟팅,671.0,64,6.0,1.0,31660.0,4718.3308494783905,671.0
1.브랜디드-주요키워드제외-MO,35세 ~ 39세,네이버_쇼핑검색,타겟팅,495.0,32,4.0,0.0,0.0,0.0,0.0
1.브랜디드-주요키워드제외-MO,40세 ~ 44세,네이버_쇼핑검색,타겟팅,154.0,24,1.0,0.0,0.0,0.0,0.0
1.브랜디드-주요키워드제외-MO,45세 ~ 49세,네이버_쇼핑검색,타겟팅,264.0,13,2.0,2.0,32500.0,12310.60606060606,132.0
1.브랜디드-주요키워드제외-MO,50세 ~ 54세,네이버_쇼핑검색,타겟팅,451.0,6,2.0,1.0,28000.0,6208.425720620843,451.0
1.브랜디드-주요키워드제외-MO,55세 ~ 59세,네이버_쇼핑검색,타겟팅,0.0,6,0.0,0.0,0.0,0.0,0.0
1.브랜디드-주요키워드제외-MO,60세 ~ 99세,네이버_쇼핑검색,타겟팅,0.0,1,0.0,0.0,0.0,0.0,0.0
1.브랜디드-주요키워드제외-MO,알 수 없음,네이버_쇼핑검색,타겟팅,440.0,17,1.0,0.0,0.0,0.0,0.0
1.브랜디드-주요키워드제외-PC,19세 ~ 24세,네이버_쇼핑검색,타겟팅,0.0,1,0.0,0.0,0.0,0.0,0.0
1.브랜디드-주요키워드제외-PC,25세 ~ 29세,네이버_쇼핑검색,타겟팅,176.0,11,1.0,0.0,0.0,0.0,0.0
1.브랜디드-주요키워드제외-PC,30세 ~ 34세,네이버_쇼핑검색,타겟팅,0.0,8,0.0,0.0,0.0,0.0,0.0
1.브랜디드-주요키워드제외-PC,35세 ~ 39세,네이버_쇼핑검색,타겟팅,418.0,8,2.0,0.0,0.0,0.0,0.0
1.브랜디드-주요키워드제외-PC,40세 ~ 44세,네이버_쇼핑검색,타겟팅,396.0,7,1.0,0.0,0.0,0.0,0.0
1.브랜디드-주요키워드제외-PC,45세 ~ 49세,네이버_쇼핑검색,타겟팅,0.0,1,0.0,0.0,0.0,0.0,0.0
1.브랜디드-주요키워드제외-PC,50세 ~ 54세,네이버_쇼핑검색,타겟팅,0.0,2,0.0,0.0,0.0,0.0,0.0
1.브랜디드-주요키워드제외-PC,알 수 없음,네이버_쇼핑검색,타겟팅,143.0,15,1.0,0.0,0.0,0.0,0.0
1.브랜디드-주요키워드제외_MO_1위,14세 ~ 18세,네이버_쇼핑검색,타겟팅,440.0,72,8.0,0.0,0.0,0.0,0.0
1.브랜디드-주요키워드제외_MO_1위,14세 미만,네이버_쇼핑검색,타겟팅,0.0,2,0.0,0.0,0.0,0.0,0.0
1.브랜디드-주요키워드제외_MO_1위,19세 ~ 24세,네이버_쇼핑검색,타겟팅,440.0,122,8.0,2.0,56930.0,12938.636363636362,220.0
1.브랜디드-주요키워드제외_MO_1위,25세 ~ 29세,네이버_쇼핑검색,타겟팅,1441.0,202,17.0,4.0,130960.0,9088.133240804997,360.25
1.브랜디드-주요키워드제외_MO_1위,30세 ~ 34세,네이버_쇼핑검색,타겟팅,1408.0,180,21.0,5.0,200730.0,14256.392045454546,281.6
1.브랜디드-주요키워드제외_MO_1위,35세 ~ 39세,네이버_쇼핑검색,타겟팅,660.0,146,12.0,2.0,55860.0,8463.636363636364,330.0
1.브랜디드-주요키워드제외_MO_1위,40세 ~ 44세,네이버_쇼핑검색,타겟팅,660.0,190,12.0,4.0,143060.0,21675.757575757576,165.0
1.브랜디드-주요키워드제외_MO_1위,45세 ~ 49세,네이버_쇼핑검색,타겟팅,1078.0,157,15.0,2.0,82600.0,7662.337662337663,539.0
1.브랜디드-주요키워드제외_MO_1위,50세 ~ 54세,네이버_쇼핑검색,타겟팅,847.0,156,6.0,3.0,113460.0,13395.513577331758,282.3333333333333
1.브랜디드-주요키워드제외_MO_1위,55세 ~ 59세,네이버_쇼핑검색,타겟팅,330.0,47,6.0,1.0,87000.0,26363.636363636364,330.0
1.브랜디드-주요키워드제외_MO_1위,60세 ~ 99세,네이버_쇼핑검색,타겟팅,0.0,52,0.0,0.0,0.0,0.0,0.0
1.브랜디드-주요키워드제외_MO_1위,알 수 없음,네이버_쇼핑검색,타겟팅,0.0,115,0.0,0.0,0.0,0.0,0.0
1.브랜디드-주요키워드제외_PC,14세 ~ 18세,네이버_쇼핑검색,타겟팅,0.0,1,0.0,0.0,0.0,0.0,0.0
1.브랜디드-주요키워드제외_PC,19세 ~ 24세,네이버_쇼핑검색,타겟팅,0.0,10,0.0,0.0,0.0,0.0,0.0
1.브랜디드-주요키워드제외_PC,25세 ~ 29세,네이버_쇼핑검색,타겟팅,770.0,17,3.0,0.0,0.0,0.0,0.0
1.브랜디드-주요키워드제외_PC,30세 ~ 34세,네이버_쇼핑검색,타겟팅,1837.0,43,7.0,0.0,0.0,0.0,0.0
1.브랜디드-주요키워드제외_PC,35세 ~ 39세,네이버_쇼핑검색,타겟팅,55.0,19,1.0,1.0,28000.0,50909.090909090904,55.0
1.브랜디드-주요키워드제외_PC,40세 ~ 44세,네이버_쇼핑검색,타겟팅,0.0,11,0.0,0.0,0.0,0.0,0.0
1.브랜디드-주요키워드제외_PC,45세 ~ 49세,네이버_쇼핑검색,타겟팅,0.0,7,0.0,0.0,0.0,0.0,0.0
1.브랜디드-주요키워드제외_PC,50세 ~ 54세,네이버_쇼핑검색,타겟팅,0.0,6,0.0,0.0,0.0,0.0,0.0
1.브랜디드-주요키워드제외_PC,60세 ~ 99세,네이버_쇼핑검색,타겟팅,0.0,2,0.0,0.0,0.0,0.0,0.0
1.브랜디드-주요키워드제외_PC,알 수 없음,네이버_쇼핑검색,타겟팅,55.0,105,1.0,0.0,0.0,0.0,0.0
1.브랜디드-주요키워드제외_PC_1위1000,19세 ~ 24세,네이버_쇼핑검색,타겟팅,55.0,2,1.0,0.0,0.0,0.0,0.0
1.브랜디드-주요키워드제외_PC_1위1000,25세 ~ 29세,네이버_쇼핑검색,타겟팅,55.0,8,1.0,0.0,0.0,0.0,0.0
1.브랜디드-주요키워드제외_PC_1위1000,30세 ~ 34세,네이버_쇼핑검색,타겟팅,0.0,6,0.0,0.0,0.0,0.0,0.0
1.브랜디드-주요키워드제외_PC_1위1000,35세 ~ 39세,네이버_쇼핑검색,타겟팅,55.0,6,1.0,0.0,0.0,0.0,0.0
1.브랜디드-주요키워드제외_PC_1위1000,40세 ~ 44세,네이버_쇼핑검색,타겟팅,0.0,5,0.0,0.0,0.0,0.0,0.0
1.브랜디드-주요키워드제외_PC_1위1000,45세 ~ 49세,네이버_쇼핑검색,타겟팅,55.0,5,1.0,0.0,0.0,0.0,0.0
1.브랜디드-주요키워드제외_PC_1위1000,50세 ~ 54세,네이버_쇼핑검색,타겟팅,0.0,3,0.0,0.0,0.0,0.0,0.0
1.브랜디드-주요키워드제외_PC_1위1000,55세 ~ 59세,네이버_쇼핑검색,타겟팅,0.0,3,0.0,0.0,0.0,0.0,0.0
1.브랜디드-주요키워드제외_PC_1위1000,60세 ~ 99세,네이버_쇼핑검색,타겟팅,55.0,2,1.0,0.0,0.0,0.0,0.0
1.브랜디드-주요키워드제외_PC_1위1000,알 수 없음,네이버_쇼핑검색,타겟팅,55.0,19,1.0,0.0,0.0,0.0,0.0
1.브랜디드_주요키워드제외-MO,14세 ~ 18세,네이버_쇼핑검색,타겟팅,550.0,116,5.0,0.0,0.0,0.0,0.0
1.브랜디드_주요키워드제외-MO,14세 미만,네이버_쇼핑검색,타겟팅,0.0,5,1.0,0.0,0.0,0.0,0.0
1.브랜디드_주요키워드제외-MO,19세 ~ 24세,네이버_쇼핑검색,타겟팅,1529.0,405,21.0,4.0,106140.0,6941.792020928712,382.25
1.브랜디드_주요키워드제외-MO,25세 ~ 29세,네이버_쇼핑검색,타겟팅,2266.0,677,62.0,4.0,137620.0,6073.256840247132,566.5
1.브랜디드_주요키워드제외-MO,30세 ~ 34세,네이버_쇼핑검색,타겟팅,3718.0,824,62.0,4.0,91620.0,2464.228079612695,929.5
1.브랜디드_주요키워드제외-MO,35세 ~ 39세,네이버_쇼핑검색,타겟팅,1727.0,539,26.0,2.0,45310.0,2623.6247828604514,863.5
1.브랜디드_주요키워드제외-MO,40세 ~ 44세,네이버_쇼핑검색,타겟팅,2761.0,457,28.0,1.0,23000.0,833.031510322347,2761.0
1.브랜디드_주요키워드제외-MO,45세 ~ 49세,네이버_쇼핑검색,타겟팅,2310.0,264,20.0,3.0,102000.0,4415.584415584416,770.0
1.브랜디드_주요키워드제외-MO,50세 ~ 54세,네이버_쇼핑검색,타겟팅,2046.0,265,14.0,2.0,46000.0,2248.289345063539,1023.0
1.브랜디드_주요키워드제외-MO,55세 ~ 59세,네이버_쇼핑검색,타겟팅,1408.0,122,6.0,2.0,44620.0,3169.034090909091,704.0
1.브랜디드_주요키워드제외-MO,60세 ~ 99세,네이버_쇼핑검색,타겟팅,341.0,81,2.0,0.0,0.0,0.0,0.0
1.브랜디드_주요키워드제외-MO,알 수 없음,네이버_쇼핑검색,타겟팅,627.0,2725,6.0,0.0,0.0,0.0,0.0
1.브랜디드_주요키워드제외-PC,14세 ~ 18세,네이버_쇼핑검색,타겟팅,0.0,8,0.0,0.0,0.0,0.0,0.0
1.브랜디드_주요키워드제외-PC,19세 ~ 24세,네이버_쇼핑검색,타겟팅,0.0,31,1.0,0.0,0.0,0.0,0.0
1.브랜디드_주요키워드제외-PC,25세 ~ 29세,네이버_쇼핑검색,타겟팅,451.0,100,5.0,0.0,0.0,0.0,0.0
1.브랜디드_주요키워드제외-PC,30세 ~ 34세,네이버_쇼핑검색,타겟팅,1540.0,141,6.0,1.0,79310.0,5150.0,1540.0
1.브랜디드_주요키워드제외-PC,35세 ~ 39세,네이버_쇼핑검색,타겟팅,0.0,61,0.0,0.0,0.0,0.0,0.0
1.브랜디드_주요키워드제외-PC,40세 ~ 44세,네이버_쇼핑검색,타겟팅,517.0,42,2.0,0.0,0.0,0.0,0.0
1.브랜디드_주요키워드제외-PC,45세 ~ 49세,네이버_쇼핑검색,타겟팅,220.0,27,3.0,3.0,232000.0,105454.54545454546,73.33333333333333
1.브랜디드_주요키워드제외-PC,50세 ~ 54세,네이버_쇼핑검색,타겟팅,528.0,27,3.0,2.0,47000.0,8901.515151515152,264.0
1.브랜디드_주요키워드제외-PC,55세 ~ 59세,네이버_쇼핑검색,타겟팅,407.0,5,1.0,0.0,0.0,0.0,0.0
1.브랜디드_주요키워드제외-PC,60세 ~ 99세,네이버_쇼핑검색,타겟팅,0.0,12,1.0,0.0,0.0,0.0,0.0
1.브랜디드_주요키워드제외-PC,알 수 없음,네이버_쇼핑검색,타겟팅,275.0,328,4.0,0.0,0.0,0.0,0.0
1.헤어필업_MO,14세 ~ 18세,네이버_쇼핑검색,타겟팅,0.0,70,0.0,0.0,0.0,0.0,0.0
1.헤어필업_MO,14세 미만,네이버_쇼핑검색,타겟팅,0.0,4,0.0,0.0,0.0,0.0,0.0
1.헤어필업_MO,19세 ~ 24세,네이버_쇼핑검색,타겟팅,330.0,223,1.0,0.0,0.0,0.0,0.0
1.헤어필업_MO,25세 ~ 29세,네이버_쇼핑검색,타겟팅,330.0,506,1.0,0.0,0.0,0.0,0.0
1.헤어필업_MO,30세 ~ 34세,네이버_쇼핑검색,타겟팅,2310.0,851,7.0,0.0,0.0,0.0,0.0
1.헤어필업_MO,35세 ~ 39세,네이버_쇼핑검색,타겟팅,1320.0,1024,4.0,0.0,0.0,0.0,0.0
1.헤어필업_MO,40세 ~ 44세,네이버_쇼핑검색,타겟팅,1650.0,1846,8.0,3.0,117310.0,7109.696969696969,550.0
1.헤어필업_MO,45세 ~ 49세,네이버_쇼핑검색,타겟팅,990.0,1858,7.0,1.0,26380.0,2664.6464646464647,990.0
1.헤어필업_MO,50세 ~ 54세,네이버_쇼핑검색,타겟팅,660.0,1970,9.0,0.0,0.0,0.0,0.0
1.헤어필업_MO,55세 ~ 59세,네이버_쇼핑검색,타겟팅,330.0,1056,5.0,1.0,58000.0,17575.757575757576,330.0
1.헤어필업_MO,60세 ~ 99세,네이버_쇼핑검색,타겟팅,0.0,1134,6.0,0.0,0.0,0.0,0.0
1.헤어필업_MO,알 수 없음,네이버_쇼핑검색,타겟팅,0.0,6589,1.0,0.0,0.0,0.0,0.0
1.헤어필업_PC,14세 ~ 18세,네이버_쇼핑검색,타겟팅,0.0,2,0.0,0.0,0.0,0.0,0.0
1.헤어필업_PC,19세 ~ 24세,네이버_쇼핑검색,타겟팅,0.0,17,0.0,0.0,0.0,0.0,0.0
1.헤어필업_PC,25세 ~ 29세,네이버_쇼핑검색,타겟팅,0.0,59,0.0,0.0,0.0,0.0,0.0
1.헤어필업_PC,30세 ~ 34세,네이버_쇼핑검색,타겟팅,0.0,104,0.0,0.0,0.0,0.0,0.0
1.헤어필업_PC,35세 ~ 39세,네이버_쇼핑검색,타겟팅,0.0,89,0.0,0.0,0.0,0.0,0.0
1.헤어필업_PC,40세 ~ 44세,네이버_쇼핑검색,타겟팅,0.0,47,0.0,0.0,0.0,0.0,0.0
1.헤어필업_PC,45세 ~ 49세,네이버_쇼핑검색,타겟팅,0.0,62,0.0,0.0,0.0,0.0,0.0
1.헤어필업_PC,50세 ~ 54세,네이버_쇼핑검색,타겟팅,0.0,24,0.0,0.0,0.0,0.0,0.0
1.헤어필업_PC,55세 ~ 59세,네이버_쇼핑검색,타겟팅,0.0,16,0.0,0.0,0.0,0.0,0.0
1.헤어필업_PC,60세 ~ 99세,네이버_쇼핑검색,타겟팅,0.0,88,0.0,0.0,0.0,0.0,0.0
1.헤어필업_PC,알 수 없음,네이버_쇼핑검색,타겟팅,0.0,192,0.0,0.0,0.0,0.0,0.0
2. 트리트먼트-M,14세 ~ 18세,네이버_쇼핑검색,타겟팅,0.0,140,0.0,0.0,0.0,0.0,0.0
2. 트리트먼트-M,14세 미만,네이버_쇼핑검색,타겟팅,0.0,37,1.0,0.0,0.0,0.0,0.0
2. 트리트먼트-M,19세 ~ 24세,네이버_쇼핑검색,타겟팅,0.0,322,8.0,1.0,23000.0,0.0,0.0
2. 트리트먼트-M,25세 ~ 29세,네이버_쇼핑검색,타겟팅,0.0,553,14.0,2.0,41310.0,0.0,0.0
2. 트리트먼트-M,30세 ~ 34세,네이버_쇼핑검색,타겟팅,0.0,647,10.0,1.0,18000.0,0.0,0.0
2. 트리트먼트-M,35세 ~ 39세,네이버_쇼핑검색,타겟팅,0.0,528,5.0,1.0,27160.0,0.0,0.0
2. 트리트먼트-M,40세 ~ 44세,네이버_쇼핑검색,타겟팅,0.0,674,4.0,0.0,0.0,0.0,0.0
2. 트리트먼트-M,45세 ~ 49세,네이버_쇼핑검색,타겟팅,0.0,540,2.0,0.0,0.0,0.0,0.0
2. 트리트먼트-M,50세 ~ 54세,네이버_쇼핑검색,타겟팅,0.0,475,2.0,0.0,0.0,0.0,0.0
2. 트리트먼트-M,55세 ~ 59세,네이버_쇼핑검색,타겟팅,0.0,186,3.0,0.0,0.0,0.0,0.0
2. 트리트먼트-M,60세 ~ 99세,네이버_쇼핑검색,타겟팅,0.0,216,2.0,0.0,0.0,0.0,0.0
2. 트리트먼트-M,알 수 없음,네이버_쇼핑검색,타겟팅,0.0,82900,20.0,0.0,0.0,0.0,0.0
2. 트리트먼트-PC,25세 ~ 29세,네이버_쇼핑검색,타겟팅,0.0,1,0.0,0.0,0.0,0.0,0.0
2. 트리트먼트-PC,30세 ~ 34세,네이버_쇼핑검색,타겟팅,0.0,4,0.0,0.0,0.0,0.0,0.0
2. 트리트먼트-PC,35세 ~ 39세,네이버_쇼핑검색,타겟팅,0.0,1,0.0,0.0,0.0,0.0,0.0
2. 트리트먼트-PC,60세 ~ 99세,네이버_쇼핑검색,타겟팅,0.0,2,0.0,0.0,0.0,0.0,0.0
2. 트리트먼트-PC,알 수 없음,네이버_쇼핑검색,타겟팅,0.0,18,0.0,0.0,0.0,0.0,0.0
2.머리에센스-MO,14세 ~ 18세,네이버_쇼핑검색,타겟팅,0.0,191,4.0,0.0,0.0,0.0,0.0
2.머리에센스-MO,14세 미만,네이버_쇼핑검색,타겟팅,0.0,24,1.0,0.0,0.0,0.0,0.0
2.머리에센스-MO,19세 ~ 24세,네이버_쇼핑검색,타겟팅,0.0,407,5.0,0.0,0.0,0.0,0.0
2.머리에센스-MO,25세 ~ 29세,네이버_쇼핑검색,타겟팅,0.0,341,5.0,0.0,0.0,0.0,0.0
2.머리에센스-MO,30세 ~ 34세,네이버_쇼핑검색,타겟팅,0.0,326,3.0,1.0,28800.0,0.0,0.0
2.머리에센스-MO,35세 ~ 39세,네이버_쇼핑검색,타겟팅,0.0,273,4.0,0.0,0.0,0.0,0.0
2.머리에센스-MO,40세 ~ 44세,네이버_쇼핑검색,타겟팅,0.0,343,6.0,0.0,0.0,0.0,0.0
2.머리에센스-MO,45세 ~ 49세,네이버_쇼핑검색,타겟팅,0.0,326,1.0,0.0,0.0,0.0,0.0
2.머리에센스-MO,50세 ~ 54세,네이버_쇼핑검색,타겟팅,0.0,236,2.0,0.0,0.0,0.0,0.0
2.머리에센스-MO,55세 ~ 59세,네이버_쇼핑검색,타겟팅,0.0,203,2.0,0.0,0.0,0.0,0.0
2.머리에센스-MO,60세 ~ 99세,네이버_쇼핑검색,타겟팅,0.0,379,7.0,0.0,0.0,0.0,0.0
2.머리에센스-MO,알 수 없음,네이버_쇼핑검색,타겟팅,0.0,4089,1.0,0.0,0.0,0.0,0.0
2.머리에센스-PC,14세 ~ 18세,네이버_쇼핑검색,타겟팅,0.0,2,0.0,0.0,0.0,0.0,0.0
2.머리에센스-PC,25세 ~ 29세,네이버_쇼핑검색,타겟팅,0.0,2,0.0,0.0,0.0,0.0,0.0
2.머리에센스-PC,30세 ~ 34세,네이버_쇼핑검색,타겟팅,0.0,1,0.0,0.0,0.0,0.0,0.0
2.머리에센스-PC,35세 ~ 39세,네이버_쇼핑검색,타겟팅,0.0,2,0.0,0.0,0.0,0.0,0.0
2.머리에센스-PC,40세 ~ 44세,네이버_쇼핑검색,타겟팅,0.0,2,0.0,0.0,0.0,0.0,0.0
2.머리에센스-PC,45세 ~ 49세,네이버_쇼핑검색,타겟팅,0.0,2,0.0,0.0,0.0,0.0,0.0
2.머리에센스-PC,50세 ~ 54세,네이버_쇼핑검색,타겟팅,0.0,1,0.0,0.0,0.0,0.0,0.0
2.머리에센스-PC,60세 ~ 99세,네이버_쇼핑검색,타겟팅,0.0,2,0.0,0.0,0.0,0.0,0.0
2.머리에센스-PC,알 수 없음,네이버_쇼핑검색,타겟팅,0.0,2,0.0,0.0,0.0,0.0,0.0
2.제네릭-MO-스스 1위 1500,14세 ~ 18세,네이버_파워링크,타겟팅,0.0,481,0.0,0.0,0.0,0.0,0.0
2.제네릭-MO-스스 1위 1500,14세 미만,네이버_파워링크,타겟팅,0.0,11,0.0,0.0,0.0,0.0,0.0
2.제네릭-MO-스스 1위 1500,19세 ~ 24세,네이버_파워링크,타겟팅,3069.0,3052,19.0,1.0,28000.0,912.3492994460737,3069.0
2.제네릭-MO-스스 1위 1500,25세 ~ 29세,네이버_파워링크,타겟팅,7018.0,3163,26.0,2.0,72000.0,1025.9333143345682,3509.0
2.제네릭-MO-스스 1위 1500,30세 ~ 34세,네이버_파워링크,타겟팅,3080.0,2078,19.0,6.0,127480.0,4138.961038961039,513.3333333333334
2.제네릭-MO-스스 1위 1500,35세 ~ 39세,네이버_파워링크,타겟팅,2574.0,984,7.0,1.0,28000.0,1087.8010878010878,2574.0
2.제네릭-MO-스스 1위 1500,40세 ~ 44세,네이버_파워링크,타겟팅,352.0,638,7.0,1.0,27160.0,7715.909090909091,352.0
2.제네릭-MO-스스 1위 1500,45세 ~ 49세,네이버_파워링크,타겟팅,1254.0,325,6.0,0.0,0.0,0.0,0.0
2.제네릭-MO-스스 1위 1500,50세 ~ 54세,네이버_파워링크,타겟팅,1705.0,255,6.0,0.0,0.0,0.0,0.0
2.제네릭-MO-스스 1위 1500,55세 ~ 59세,네이버_파워링크,타겟팅,0.0,86,2.0,0.0,0.0,0.0,0.0
2.제네릭-MO-스스 1위 1500,60세 ~ 99세,네이버_파워링크,타겟팅,836.0,72,3.0,0.0,0.0,0.0,0.0
2.제네릭-MO-스스 1위 1500,알 수 없음,네이버_파워링크,타겟팅,462.0,313,2.0,0.0,0.0,0.0,0.0
2.제네릭-PC-스스 1위 1000,14세 ~ 18세,네이버_파워링크,타겟팅,0.0,16,0.0,0.0,0.0,0.0,0.0
2.제네릭-PC-스스 1위 1000,19세 ~ 24세,네이버_파워링크,타겟팅,0.0,108,0.0,0.0,0.0,0.0,0.0
2.제네릭-PC-스스 1위 1000,25세 ~ 29세,네이버_파워링크,타겟팅,5907.0,355,8.0,0.0,0.0,0.0,0.0
2.제네릭-PC-스스 1위 1000,30세 ~ 34세,네이버_파워링크,타겟팅,385.0,290,2.0,0.0,0.0,0.0,0.0
2.제네릭-PC-스스 1위 1000,35세 ~ 39세,네이버_파워링크,타겟팅,1892.0,135,3.0,0.0,0.0,0.0,0.0
2.제네릭-PC-스스 1위 1000,40세 ~ 44세,네이버_파워링크,타겟팅,0.0,55,0.0,0.0,0.0,0.0,0.0
2.제네릭-PC-스스 1위 1000,45세 ~ 49세,네이버_파워링크,타겟팅,0.0,34,0.0,0.0,0.0,0.0,0.0
2.제네릭-PC-스스 1위 1000,50세 ~ 54세,네이버_파워링크,타겟팅,924.0,18,1.0,0.0,0.0,0.0,0.0
2.제네릭-PC-스스 1위 1000,55세 ~ 59세,네이버_파워링크,타겟팅,0.0,10,0.0,0.0,0.0,0.0,0.0
2.제네릭-PC-스스 1위 1000,60세 ~ 99세,네이버_파워링크,타겟팅,0.0,4,0.0,0.0,0.0,0.0,0.0
2.제네릭-PC-스스 1위 1000,알 수 없음,네이버_파워링크,타겟팅,1045.0,264,2.0,0.0,0.0,0.0,0.0
2.제네릭-메인-MO-스스 3위 2200원,14세 ~ 18세,네이버_파워링크,타겟팅,671.0,2192,5.0,0.0,0.0,0.0,0.0
2.제네릭-메인-MO-스스 3위 2200원,14세 미만,네이버_파워링크,타겟팅,0.0,112,1.0,0.0,0.0,0.0,0.0
2.제네릭-메인-MO-스스 3위 2200원,19세 ~ 24세,네이버_파워링크,타겟팅,0.0,6608,20.0,0.0,0.0,0.0,0.0
2.제네릭-메인-MO-스스 3위 2200원,25세 ~ 29세,네이버_파워링크,타겟팅,704.0,7015,24.0,0.0,0.0,0.0,0.0
2.제네릭-메인-MO-스스 3위 2200원,30세 ~ 34세,네이버_파워링크,타겟팅,1342.0,7218,24.0,0.0,0.0,0.0,0.0
2.제네릭-메인-MO-스스 3위 2200원,35세 ~ 39세,네이버_파워링크,타겟팅,2233.0,6265,25.0,2.0,84660.0,3791.3121361397225,1116.5
2.제네릭-메인-MO-스스 3위 2200원,40세 ~ 44세,네이버_파워링크,타겟팅,1980.0,6966,47.0,2.0,61930.0,3127.777777777778,990.0
2.제네릭-메인-MO-스스 3위 2200원,45세 ~ 49세,네이버_파워링크,타겟팅,2046.0,5394,50.0,1.0,27930.0,1365.1026392961876,2046.0
2.제네릭-메인-MO-스스 3위 2200원,50세 ~ 54세,네이버_파워링크,타겟팅,1727.0,4045,65.0,1.0,13890.0,804.2848870874348,1727.0
2.제네릭-메인-MO-스스 3위 2200원,55세 ~ 59세,네이버_파워링크,타겟팅,0.0,1821,41.0,0.0,0.0,0.0,0.0
2.제네릭-메인-MO-스스 3위 2200원,60세 ~ 99세,네이버_파워링크,타겟팅,2409.0,3063,75.0,1.0,57600.0,2391.0336239103362,2409.0
2.제네릭-메인-MO-스스 3위 2200원,알 수 없음,네이버_파워링크,타겟팅,1650.0,85265,34.0,0.0,0.0,0.0,0.0
2.제네릭-메인-PC-스스 4위 1500원,14세 ~ 18세,네이버_파워링크,타겟팅,0.0,147,0.0,0.0,0.0,0.0,0.0
2.제네릭-메인-PC-스스 4위 1500원,14세 미만,네이버_파워링크,타겟팅,0.0,3,0.0,0.0,0.0,0.0,0.0
2.제네릭-메인-PC-스스 4위 1500원,19세 ~ 24세,네이버_파워링크,타겟팅,946.0,1407,1.0,0.0,0.0,0.0,0.0
2.제네릭-메인-PC-스스 4위 1500원,25세 ~ 29세,네이버_파워링크,타겟팅,671.0,3827,3.0,0.0,0.0,0.0,0.0
2.제네릭-메인-PC-스스 4위 1500원,30세 ~ 34세,네이버_파워링크,타겟팅,484.0,6383,4.0,0.0,0.0,0.0,0.0
2.제네릭-메인-PC-스스 4위 1500원,35세 ~ 39세,네이버_파워링크,타겟팅,0.0,3788,0.0,0.0,0.0,0.0,0.0
2.제네릭-메인-PC-스스 4위 1500원,40세 ~ 44세,네이버_파워링크,타겟팅,0.0,3423,2.0,0.0,0.0,0.0,0.0
2.제네릭-메인-PC-스스 4위 1500원,45세 ~ 49세,네이버_파워링크,타겟팅,0.0,2025,1.0,0.0,0.0,0.0,0.0
2.제네릭-메인-PC-스스 4위 1500원,50세 ~ 54세,네이버_파워링크,타겟팅,0.0,1338,5.0,0.0,0.0,0.0,0.0
2.제네릭-메인-PC-스스 4위 1500원,55세 ~ 59세,네이버_파워링크,타겟팅,0.0,592,2.0,1.0,56730.0,0.0,0.0
2.제네릭-메인-PC-스스 4위 1500원,60세 ~ 99세,네이버_파워링크,타겟팅,0.0,883,2.0,0.0,0.0,0.0,0.0
2.제네릭-메인-PC-스스 4위 1500원,알 수 없음,네이버_파워링크,타겟팅,0.0,104536,17.0,1.0,29000.0,0.0,0.0
2.지성두피-MO,14세 ~ 18세,네이버_쇼핑검색,타겟팅,759.0,128,4.0,0.0,0.0,0.0,0.0
2.지성두피-MO,14세 미만,네이버_쇼핑검색,타겟팅,0.0,12,0.0,0.0,0.0,0.0,0.0
2.지성두피-MO,19세 ~ 24세,네이버_쇼핑검색,타겟팅,0.0,218,1.0,0.0,0.0,0.0,0.0
2.지성두피-MO,25세 ~ 29세,네이버_쇼핑검색,타겟팅,0.0,350,2.0,0.0,0.0,0.0,0.0
2.지성두피-MO,30세 ~ 34세,네이버_쇼핑검색,타겟팅,0.0,377,1.0,0.0,0.0,0.0,0.0
2.지성두피-MO,35세 ~ 39세,네이버_쇼핑검색,타겟팅,0.0,373,3.0,0.0,0.0,0.0,0.0
2.지성두피-MO,40세 ~ 44세,네이버_쇼핑검색,타겟팅,330.0,420,2.0,1.0,54320.0,16460.60606060606,330.0
2.지성두피-MO,45세 ~ 49세,네이버_쇼핑검색,타겟팅,0.0,404,1.0,0.0,0.0,0.0,0.0
2.지성두피-MO,50세 ~ 54세,네이버_쇼핑검색,타겟팅,0.0,291,3.0,0.0,0.0,0.0,0.0
2.지성두피-MO,55세 ~ 59세,네이버_쇼핑검색,타겟팅,0.0,138,0.0,0.0,0.0,0.0,0.0
2.지성두피-MO,60세 ~ 99세,네이버_쇼핑검색,타겟팅,0.0,191,0.0,0.0,0.0,0.0,0.0
2.지성두피-MO,알 수 없음,네이버_쇼핑검색,타겟팅,0.0,5110,14.0,0.0,0.0,0.0,0.0
2.지성두피-PC,14세 ~ 18세,네이버_쇼핑검색,타겟팅,0.0,3,0.0,0.0,0.0,0.0,0.0
2.지성두피-PC,19세 ~ 24세,네이버_쇼핑검색,타겟팅,0.0,10,0.0,0.0,0.0,0.0,0.0
2.지성두피-PC,25세 ~ 29세,네이버_쇼핑검색,타겟팅,55.0,34,2.0,1.0,28000.0,50909.090909090904,55.0
2.지성두피-PC,30세 ~ 34세,네이버_쇼핑검색,타겟팅,55.0,32,1.0,0.0,0.0,0.0,0.0
2.지성두피-PC,35세 ~ 39세,네이버_쇼핑검색,타겟팅,0.0,13,0.0,0.0,0.0,0.0,0.0
2.지성두피-PC,40세 ~ 44세,네이버_쇼핑검색,타겟팅,0.0,21,0.0,0.0,0.0,0.0,0.0
2.지성두피-PC,45세 ~ 49세,네이버_쇼핑검색,타겟팅,0.0,6,0.0,0.0,0.0,0.0,0.0
2.지성두피-PC,50세 ~ 54세,네이버_쇼핑검색,타겟팅,0.0,24,0.0,0.0,0.0,0.0,0.0
2.지성두피-PC,55세 ~ 59세,네이버_쇼핑검색,타겟팅,0.0,3,0.0,0.0,0.0,0.0,0.0
2.지성두피-PC,60세 ~ 99세,네이버_쇼핑검색,타겟팅,0.0,1,0.0,0.0,0.0,0.0,0.0
2.지성두피-PC,알 수 없음,네이버_쇼핑검색,타겟팅,0.0,1500,0.0,0.0,0.0,0.0,0.0
2.케라틴_MO,14세 ~ 18세,네이버_쇼핑검색,타겟팅,0.0,1,0.0,0.0,0.0,0.0,0.0
2.케라틴_MO,14세 미만,네이버_쇼핑검색,타겟팅,0.0,1,0.0,0.0,0.0,0.0,0.0
2.케라틴_MO,19세 ~ 24세,네이버_쇼핑검색,타겟팅,0.0,5,0.0,0.0,0.0,0.0,0.0
2.케라틴_MO,25세 ~ 29세,네이버_쇼핑검색,타겟팅,0.0,11,0.0,0.0,0.0,0.0,0.0
2.케라틴_MO,30세 ~ 34세,네이버_쇼핑검색,타겟팅,0.0,38,0.0,0.0,0.0,0.0,0.0
2.케라틴_MO,35세 ~ 39세,네이버_쇼핑검색,타겟팅,0.0,48,0.0,0.0,0.0,0.0,0.0
2.케라틴_MO,40세 ~ 44세,네이버_쇼핑검색,타겟팅,0.0,57,0.0,0.0,0.0,0.0,0.0
2.케라틴_MO,45세 ~ 49세,네이버_쇼핑검색,타겟팅,330.0,42,1.0,0.0,0.0,0.0,0.0
2.케라틴_MO,50세 ~ 54세,네이버_쇼핑검색,타겟팅,0.0,36,0.0,0.0,0.0,0.0,0.0
2.케라틴_MO,55세 ~ 59세,네이버_쇼핑검색,타겟팅,0.0,16,0.0,0.0,0.0,0.0,0.0
2.케라틴_MO,60세 ~ 99세,네이버_쇼핑검색,타겟팅,0.0,6,0.0,0.0,0.0,0.0,0.0
2.케라틴_MO,알 수 없음,네이버_쇼핑검색,타겟팅,0.0,7,0.0,0.0,0.0,0.0,0.0
2.케라틴_PC,25세 ~ 29세,네이버_쇼핑검색,타겟팅,0.0,14,0.0,0.0,0.0,0.0,0.0
2.케라틴_PC,30세 ~ 34세,네이버_쇼핑검색,타겟팅,0.0,17,0.0,0.0,0.0,0.0,0.0
2.케라틴_PC,35세 ~ 39세,네이버_쇼핑검색,타겟팅,0.0,24,0.0,0.0,0.0,0.0,0.0
2.케라틴_PC,40세 ~ 44세,네이버_쇼핑검색,타겟팅,0.0,25,0.0,0.0,0.0,0.0,0.0
2.케라틴_PC,45세 ~ 49세,네이버_쇼핑검색,타겟팅,0.0,6,0.0,0.0,0.0,0.0,0.0
2.케라틴_PC,55세 ~ 59세,네이버_쇼핑검색,타겟팅,0.0,5,0.0,0.0,0.0,0.0,0.0
2.케라틴_PC,60세 ~ 99세,네이버_쇼핑검색,타겟팅,330.0,9,1.0,0.0,0.0,0.0,0.0
2.케라틴_PC,알 수 없음,네이버_쇼핑검색,타겟팅,0.0,30,0.0,0.0,0.0,0.0,0.0
2.폴리쉬오일-MO,14세 ~ 18세,네이버_쇼핑검색,타겟팅,0.0,406,6.0,0.0,0.0,0.0,0.0
2.폴리쉬오일-MO,14세 미만,네이버_쇼핑검색,타겟팅,0.0,12,0.0,0.0,0.0,0.0,0.0
2.폴리쉬오일-MO,19세 ~ 24세,네이버_쇼핑검색,타겟팅,572.0,2876,57.0,7.0,194320.0,33972.02797202797,81.71428571428571
2.폴리쉬오일-MO,25세 ~ 29세,네이버_쇼핑검색,타겟팅,429.0,3103,69.0,9.0,272320.0,63477.855477855475,47.666666666666664
2.폴리쉬오일-MO,30세 ~ 34세,네이버_쇼핑검색,타겟팅,407.0,2203,46.0,4.0,96660.0,23749.38574938575,101.75
2.폴리쉬오일-MO,35세 ~ 39세,네이버_쇼핑검색,타겟팅,935.0,1316,28.0,2.0,54320.0,5809.625668449197,467.5
2.폴리쉬오일-MO,40세 ~ 44세,네이버_쇼핑검색,타겟팅,1089.0,928,14.0,1.0,27160.0,2494.0312213039488,1089.0
2.폴리쉬오일-MO,45세 ~ 49세,네이버_쇼핑검색,타겟팅,869.0,539,14.0,0.0,0.0,0.0,0.0
2.폴리쉬오일-MO,50세 ~ 54세,네이버_쇼핑검색,타겟팅,770.0,350,4.0,0.0,0.0,0.0,0.0
2.폴리쉬오일-MO,55세 ~ 59세,네이버_쇼핑검색,타겟팅,1166.0,119,5.0,1.0,28000.0,2401.3722126929674,1166.0
2.폴리쉬오일-MO,60세 ~ 99세,네이버_쇼핑검색,타겟팅,0.0,165,2.0,0.0,0.0,0.0,0.0
2.폴리쉬오일-MO,알 수 없음,네이버_쇼핑검색,타겟팅,484.0,390,4.0,0.0,0.0,0.0,0.0
2.폴리쉬오일-PC,14세 ~ 18세,네이버_쇼핑검색,타겟팅,0.0,3,0.0,0.0,0.0,0.0,0.0
2.폴리쉬오일-PC,19세 ~ 24세,네이버_쇼핑검색,타겟팅,0.0,8,0.0,0.0,0.0,0.0,0.0
2.폴리쉬오일-PC,25세 ~ 29세,네이버_쇼핑검색,타겟팅,0.0,45,0.0,0.0,0.0,0.0,0.0
2.폴리쉬오일-PC,30세 ~ 34세,네이버_쇼핑검색,타겟팅,0.0,39,0.0,0.0,0.0,0.0,0.0
2.폴리쉬오일-PC,35세 ~ 39세,네이버_쇼핑검색,타겟팅,858.0,22,2.0,1.0,14200.0,1655.011655011655,858.0
2.폴리쉬오일-PC,40세 ~ 44세,네이버_쇼핑검색,타겟팅,0.0,7,0.0,0.0,0.0,0.0,0.0
2.폴리쉬오일-PC,45세 ~ 49세,네이버_쇼핑검색,타겟팅,0.0,8,0.0,0.0,0.0,0.0,0.0
2.폴리쉬오일-PC,50세 ~ 54세,네이버_쇼핑검색,타겟팅,0.0,3,0.0,0.0,0.0,0.0,0.0
2.폴리쉬오일-PC,60세 ~ 99세,네이버_쇼핑검색,타겟팅,0.0,2,0.0,0.0,0.0,0.0,0.0
2.폴리쉬오일-PC,알 수 없음,네이버_쇼핑검색,타겟팅,0.0,52,1.0,0.0,0.0,0.0,0.0
3. 앰플 트리트먼트-M,14세 ~ 18세,네이버_쇼핑검색,타겟팅,0.0,10,0.0,0.0,0.0,0.0,0.0
3. 앰플 트리트먼트-M,14세 미만,네이버_쇼핑검색,타겟팅,0.0,3,0.0,0.0,0.0,0.0,0.0
3. 앰플 트리트먼트-M,19세 ~ 24세,네이버_쇼핑검색,타겟팅,0.0,25,2.0,0.0,0.0,0.0,0.0
3. 앰플 트리트먼트-M,25세 ~ 29세,네이버_쇼핑검색,타겟팅,0.0,41,1.0,0.0,0.0,0.0,0.0
3. 앰플 트리트먼트-M,30세 ~ 34세,네이버_쇼핑검색,타겟팅,55.0,74,4.0,1.0,18000.0,32727.272727272724,55.0
3. 앰플 트리트먼트-M,35세 ~ 39세,네이버_쇼핑검색,타겟팅,0.0,61,1.0,0.0,0.0,0.0,0.0
3. 앰플 트리트먼트-M,40세 ~ 44세,네이버_쇼핑검색,타겟팅,0.0,104,2.0,0.0,0.0,0.0,0.0
3. 앰플 트리트먼트-M,45세 ~ 49세,네이버_쇼핑검색,타겟팅,0.0,90,2.0,0.0,0.0,0.0,0.0
3. 앰플 트리트먼트-M,50세 ~ 54세,네이버_쇼핑검색,타겟팅,0.0,62,1.0,0.0,0.0,0.0,0.0
3. 앰플 트리트먼트-M,55세 ~ 59세,네이버_쇼핑검색,타겟팅,0.0,24,1.0,0.0,0.0,0.0,0.0
3. 앰플 트리트먼트-M,60세 ~ 99세,네이버_쇼핑검색,타겟팅,0.0,52,0.0,0.0,0.0,0.0,0.0
3. 앰플 트리트먼트-M,알 수 없음,네이버_쇼핑검색,타겟팅,0.0,3191,0.0,0.0,0.0,0.0,0.0
3. 앰플 트리트먼트-PC,19세 ~ 24세,네이버_쇼핑검색,타겟팅,0.0,4,0.0,0.0,0.0,0.0,0.0
3. 앰플 트리트먼트-PC,25세 ~ 29세,네이버_쇼핑검색,타겟팅,0.0,17,0.0,0.0,0.0,0.0,0.0
3. 앰플 트리트먼트-PC,30세 ~ 34세,네이버_쇼핑검색,타겟팅,0.0,30,2.0,0.0,0.0,0.0,0.0
3. 앰플 트리트먼트-PC,35세 ~ 39세,네이버_쇼핑검색,타겟팅,0.0,16,1.0,0.0,0.0,0.0,0.0
3. 앰플 트리트먼트-PC,40세 ~ 44세,네이버_쇼핑검색,타겟팅,0.0,8,1.0,0.0,0.0,0.0,0.0
3. 앰플 트리트먼트-PC,45세 ~ 49세,네이버_쇼핑검색,타겟팅,0.0,8,0.0,0.0,0.0,0.0,0.0
3. 앰플 트리트먼트-PC,50세 ~ 54세,네이버_쇼핑검색,타겟팅,0.0,3,0.0,0.0,0.0,0.0,0.0
3. 앰플 트리트먼트-PC,55세 ~ 59세,네이버_쇼핑검색,타겟팅,0.0,2,0.0,0.0,0.0,0.0,0.0
3. 앰플 트리트먼트-PC,60세 ~ 99세,네이버_쇼핑검색,타겟팅,0.0,4,0.0,0.0,0.0,0.0,0.0
3. 앰플 트리트먼트-PC,알 수 없음,네이버_쇼핑검색,타겟팅,0.0,125,0.0,0.0,0.0,0.0,0.0
3.머리두피냄새-MO,14세 ~ 18세,네이버_쇼핑검색,타겟팅,0.0,76,1.0,0.0,0.0,0.0,0.0
3.머리두피냄새-MO,14세 미만,네이버_쇼핑검색,타겟팅,0.0,16,2.0,0.0,0.0,0.0,0.0
3.머리두피냄새-MO,19세 ~ 24세,네이버_쇼핑검색,타겟팅,0.0,191,1.0,0.0,0.0,0.0,0.0
3.머리두피냄새-MO,25세 ~ 29세,네이버_쇼핑검색,타겟팅,737.0,240,4.0,0.0,0.0,0.0,0.0
3.머리두피냄새-MO,30세 ~ 34세,네이버_쇼핑검색,타겟팅,1430.0,353,6.0,0.0,0.0,0.0,0.0
3.머리두피냄새-MO,35세 ~ 39세,네이버_쇼핑검색,타겟팅,2145.0,311,8.0,2.0,83160.0,3876.9230769230767,1072.5
3.머리두피냄새-MO,40세 ~ 44세,네이버_쇼핑검색,타겟팅,1353.0,413,5.0,0.0,0.0,0.0,0.0
3.머리두피냄새-MO,45세 ~ 49세,네이버_쇼핑검색,타겟팅,0.0,306,1.0,0.0,0.0,0.0,0.0
3.머리두피냄새-MO,50세 ~ 54세,네이버_쇼핑검색,타겟팅,605.0,244,1.0,0.0,0.0,0.0,0.0
3.머리두피냄새-MO,55세 ~ 59세,네이버_쇼핑검색,타겟팅,0.0,172,1.0,0.0,0.0,0.0,0.0
3.머리두피냄새-MO,60세 ~ 99세,네이버_쇼핑검색,타겟팅,0.0,265,0.0,0.0,0.0,0.0,0.0
3.머리두피냄새-MO,알 수 없음,네이버_쇼핑검색,타겟팅,0.0,13515,6.0,0.0,0.0,0.0,0.0
3.머리두피냄새-PC,14세 ~ 18세,네이버_쇼핑검색,타겟팅,0.0,11,0.0,0.0,0.0,0.0,0.0
3.머리두피냄새-PC,19세 ~ 24세,네이버_쇼핑검색,타겟팅,0.0,60,0.0,0.0,0.0,0.0,0.0
3.머리두피냄새-PC,25세 ~ 29세,네이버_쇼핑검색,타겟팅,0.0,140,1.0,0.0,0.0,0.0,0.0
3.머리두피냄새-PC,30세 ~ 34세,네이버_쇼핑검색,타겟팅,737.0,139,2.0,0.0,0.0,0.0,0.0
3.머리두피냄새-PC,35세 ~ 39세,네이버_쇼핑검색,타겟팅,0.0,76,1.0,0.0,0.0,0.0,0.0
3.머리두피냄새-PC,40세 ~ 44세,네이버_쇼핑검색,타겟팅,0.0,79,2.0,0.0,0.0,0.0,0.0
3.머리두피냄새-PC,45세 ~ 49세,네이버_쇼핑검색,타겟팅,0.0,76,1.0,0.0,0.0,0.0,0.0
3.머리두피냄새-PC,50세 ~ 54세,네이버_쇼핑검색,타겟팅,0.0,68,0.0,0.0,0.0,0.0,0.0
3.머리두피냄새-PC,55세 ~ 59세,네이버_쇼핑검색,타겟팅,0.0,23,1.0,0.0,0.0,0.0,0.0
3.머리두피냄새-PC,60세 ~ 99세,네이버_쇼핑검색,타겟팅,0.0,135,0.0,0.0,0.0,0.0,0.0
3.머리두피냄새-PC,알 수 없음,네이버_쇼핑검색,타겟팅,0.0,807,0.0,0.0,0.0,0.0,0.0
3.원더_MO,25세 ~ 29세,네이버_쇼핑검색,타겟팅,0.0,1,0.0,0.0,0.0,0.0,0.0
3.원더_MO,30세 ~ 34세,네이버_쇼핑검색,타겟팅,0.0,1,0.0,0.0,0.0,0.0,0.0
3.원더_MO,35세 ~ 39세,네이버_쇼핑검색,타겟팅,330.0,9,1.0,0.0,0.0,0.0,0.0
3.원더_MO,40세 ~ 44세,네이버_쇼핑검색,타겟팅,0.0,6,0.0,0.0,0.0,0.0,0.0
3.원더_MO,45세 ~ 49세,네이버_쇼핑검색,타겟팅,0.0,5,0.0,0.0,0.0,0.0,0.0
3.원더_MO,50세 ~ 54세,네이버_쇼핑검색,타겟팅,0.0,3,0.0,0.0,0.0,0.0,0.0
3.원더_PC,30세 ~ 34세,네이버_쇼핑검색,타겟팅,0.0,1,0.0,0.0,0.0,0.0,0.0
3.원더_PC,35세 ~ 39세,네이버_쇼핑검색,타겟팅,0.0,4,0.0,0.0,0.0,0.0,0.0
3.원더_PC,40세 ~ 44세,네이버_쇼핑검색,타겟팅,0.0,10,0.0,0.0,0.0,0.0,0.0
3.원더_PC,알 수 없음,네이버_쇼핑검색,타겟팅,0.0,1,0.0,0.0,0.0,0.0,0.0
3.웨트오일-MO,14세 ~ 18세,네이버_쇼핑검색,타겟팅,0.0,190,1.0,0.0,0.0,0.0,0.0
3.웨트오일-MO,14세 미만,네이버_쇼핑검색,타겟팅,0.0,4,0.0,0.0,0.0,0.0,0.0
3.웨트오일-MO,19세 ~ 24세,네이버_쇼핑검색,타겟팅,792.0,1200,19.0,2.0,55160.0,6964.646464646465,396.0
3.웨트오일-MO,25세 ~ 29세,네이버_쇼핑검색,타겟팅,0.0,1207,23.0,2.0,56000.0,0.0,0.0
3.웨트오일-MO,30세 ~ 34세,네이버_쇼핑검색,타겟팅,517.0,866,19.0,2.0,54320.0,10506.769825918762,258.5
3.웨트오일-MO,35세 ~ 39세,네이버_쇼핑검색,타겟팅,0.0,445,14.0,2.0,55160.0,0.0,0.0
3.웨트오일-MO,40세 ~ 44세,네이버_쇼핑검색,타겟팅,0.0,289,11.0,1.0,28000.0,0.0,0.0
3.웨트오일-MO,45세 ~ 49세,네이버_쇼핑검색,타겟팅,352.0,173,5.0,0.0,0.0,0.0,0.0
3.웨트오일-MO,50세 ~ 54세,네이버_쇼핑검색,타겟팅,0.0,126,2.0,0.0,0.0,0.0,0.0
3.웨트오일-MO,55세 ~ 59세,네이버_쇼핑검색,타겟팅,0.0,43,2.0,0.0,0.0,0.0,0.0
3.웨트오일-MO,60세 ~ 99세,네이버_쇼핑검색,타겟팅,0.0,70,2.0,0.0,0.0,0.0,0.0
3.웨트오일-MO,알 수 없음,네이버_쇼핑검색,타겟팅,0.0,131,0.0,0.0,0.0,0.0,0.0
3.웨트오일-PC,14세 ~ 18세,네이버_쇼핑검색,타겟팅,55.0,5,1.0,0.0,0.0,0.0,0.0
3.웨트오일-PC,19세 ~ 24세,네이버_쇼핑검색,타겟팅,0.0,41,0.0,0.0,0.0,0.0,0.0
3.웨트오일-PC,25세 ~ 29세,네이버_쇼핑검색,타겟팅,440.0,111,3.0,0.0,0.0,0.0,0.0
3.웨트오일-PC,30세 ~ 34세,네이버_쇼핑검색,타겟팅,0.0,72,1.0,0.0,0.0,0.0,0.0
3.웨트오일-PC,35세 ~ 39세,네이버_쇼핑검색,타겟팅,0.0,47,2.0,0.0,0.0,0.0,0.0
3.웨트오일-PC,40세 ~ 44세,네이버_쇼핑검색,타겟팅,0.0,20,0.0,0.0,0.0,0.0,0.0
3.웨트오일-PC,45세 ~ 49세,네이버_쇼핑검색,타겟팅,0.0,10,0.0,0.0,0.0,0.0,0.0
3.웨트오일-PC,50세 ~ 54세,네이버_쇼핑검색,타겟팅,0.0,22,0.0,0.0,0.0,0.0,0.0
3.웨트오일-PC,55세 ~ 59세,네이버_쇼핑검색,타겟팅,0.0,1,0.0,0.0,0.0,0.0,0.0
3.웨트오일-PC,알 수 없음,네이버_쇼핑검색,타겟팅,0.0,103,4.0,1.0,28000.0,0.0,0.0
3.제네릭-서브-MO-스스 3위 1200원,14세 ~ 18세,네이버_파워링크,타겟팅,0.0,184,0.0,0.0,0.0,0.0,0.0
3.제네릭-서브-MO-스스 3위 1200원,14세 미만,네이버_파워링크,타겟팅,0.0,34,0.0,0.0,0.0,0.0,0.0
3.제네릭-서브-MO-스스 3위 1200원,19세 ~ 24세,네이버_파워링크,타겟팅,0.0,238,0.0,0.0,0.0,0.0,0.0
3.제네릭-서브-MO-스스 3위 1200원,25세 ~ 29세,네이버_파워링크,타겟팅,0.0,156,1.0,0.0,0.0,0.0,0.0
3.제네릭-서브-MO-스스 3위 1200원,30세 ~ 34세,네이버_파워링크,타겟팅,0.0,126,0.0,0.0,0.0,0.0,0.0
3.제네릭-서브-MO-스스 3위 1200원,35세 ~ 39세,네이버_파워링크,타겟팅,0.0,121,1.0,0.0,0.0,0.0,0.0
3.제네릭-서브-MO-스스 3위 1200원,40세 ~ 44세,네이버_파워링크,타겟팅,0.0,107,0.0,0.0,0.0,0.0,0.0
3.제네릭-서브-MO-스스 3위 1200원,45세 ~ 49세,네이버_파워링크,타겟팅,0.0,83,1.0,0.0,0.0,0.0,0.0
3.제네릭-서브-MO-스스 3위 1200원,50세 ~ 54세,네이버_파워링크,타겟팅,0.0,52,0.0,0.0,0.0,0.0,0.0
3.제네릭-서브-MO-스스 3위 1200원,55세 ~ 59세,네이버_파워링크,타겟팅,330.0,40,1.0,0.0,0.0,0.0,0.0
3.제네릭-서브-MO-스스 3위 1200원,60세 ~ 99세,네이버_파워링크,타겟팅,0.0,76,0.0,0.0,0.0,0.0,0.0
3.제네릭-서브-MO-스스 3위 1200원,알 수 없음,네이버_파워링크,타겟팅,0.0,422,0.0,0.0,0.0,0.0,0.0
3.제네릭-서브-PC-스스 4위 1200원,14세 ~ 18세,네이버_파워링크,타겟팅,0.0,11,0.0,0.0,0.0,0.0,0.0
3.제네릭-서브-PC-스스 4위 1200원,19세 ~ 24세,네이버_파워링크,타겟팅,0.0,50,0.0,0.0,0.0,0.0,0.0
3.제네릭-서브-PC-스스 4위 1200원,25세 ~ 29세,네이버_파워링크,타겟팅,0.0,103,0.0,0.0,0.0,0.0,0.0
3.제네릭-서브-PC-스스 4위 1200원,30세 ~ 34세,네이버_파워링크,타겟팅,0.0,128,0.0,0.0,0.0,0.0,0.0
3.제네릭-서브-PC-스스 4위 1200원,35세 ~ 39세,네이버_파워링크,타겟팅,0.0,43,0.0,0.0,0.0,0.0,0.0
3.제네릭-서브-PC-스스 4위 1200원,40세 ~ 44세,네이버_파워링크,타겟팅,0.0,58,0.0,0.0,0.0,0.0,0.0
3.제네릭-서브-PC-스스 4위 1200원,45세 ~ 49세,네이버_파워링크,타겟팅,0.0,25,0.0,0.0,0.0,0.0,0.0
3.제네릭-서브-PC-스스 4위 1200원,50세 ~ 54세,네이버_파워링크,타겟팅,0.0,17,0.0,0.0,0.0,0.0,0.0
3.제네릭-서브-PC-스스 4위 1200원,55세 ~ 59세,네이버_파워링크,타겟팅,0.0,7,0.0,0.0,0.0,0.0,0.0
3.제네릭-서브-PC-스스 4위 1200원,60세 ~ 99세,네이버_파워링크,타겟팅,880.0,8,1.0,0.0,0.0,0.0,0.0
3.제네릭-서브-PC-스스 4위 1200원,알 수 없음,네이버_파워링크,타겟팅,0.0,238,1.0,0.0,0.0,0.0,0.0
3.헤어에센스-MO,14세 ~ 18세,네이버_쇼핑검색,타겟팅,0.0,799,13.0,2.0,43690.0,0.0,0.0
3.헤어에센스-MO,14세 미만,네이버_쇼핑검색,타겟팅,0.0,85,1.0,0.0,0.0,0.0,0.0
3.헤어에센스-MO,19세 ~ 24세,네이버_쇼핑검색,타겟팅,374.0,1629,35.0,0.0,0.0,0.0,0.0
3.헤어에센스-MO,25세 ~ 29세,네이버_쇼핑검색,타겟팅,0.0,1867,35.0,2.0,28580.0,0.0,0.0
3.헤어에센스-MO,30세 ~ 34세,네이버_쇼핑검색,타겟팅,1518.0,2278,27.0,4.0,118660.0,7816.864295125164,379.5
3.헤어에센스-MO,35세 ~ 39세,네이버_쇼핑검색,타겟팅,88.0,2081,25.0,2.0,84960.0,96545.45454545454,44.0
3.헤어에센스-MO,40세 ~ 44세,네이버_쇼핑검색,타겟팅,407.0,2694,25.0,0.0,0.0,0.0,0.0
3.헤어에센스-MO,45세 ~ 49세,네이버_쇼핑검색,타겟팅,1221.0,2707,22.0,5.0,104630.0,8569.20556920557,244.2
3.헤어에센스-MO,50세 ~ 54세,네이버_쇼핑검색,타겟팅,1045.0,2072,18.0,3.0,85930.0,8222.966507177034,348.3333333333333
3.헤어에센스-MO,55세 ~ 59세,네이버_쇼핑검색,타겟팅,836.0,1118,6.0,1.0,27930.0,3340.9090909090905,836.0
3.헤어에센스-MO,60세 ~ 99세,네이버_쇼핑검색,타겟팅,407.0,1210,7.0,2.0,56800.0,13955.773955773955,203.5
3.헤어에센스-MO,알 수 없음,네이버_쇼핑검색,타겟팅,0.0,94317,45.0,0.0,0.0,0.0,0.0
3.헤어에센스-PC,30세 ~ 34세,네이버_쇼핑검색,타겟팅,0.0,1,0.0,0.0,0.0,0.0,0.0
4. 워터 트리트먼트-M,14세 ~ 18세,네이버_쇼핑검색,타겟팅,0.0,14,0.0,0.0,0.0,0.0,0.0
4. 워터 트리트먼트-M,14세 미만,네이버_쇼핑검색,타겟팅,0.0,3,0.0,0.0,0.0,0.0,0.0
4. 워터 트리트먼트-M,19세 ~ 24세,네이버_쇼핑검색,타겟팅,55.0,75,1.0,0.0,0.0,0.0,0.0
4. 워터 트리트먼트-M,25세 ~ 29세,네이버_쇼핑검색,타겟팅,330.0,178,7.0,0.0,0.0,0.0,0.0
4. 워터 트리트먼트-M,30세 ~ 34세,네이버_쇼핑검색,타겟팅,308.0,184,9.0,1.0,23000.0,7467.532467532467,308.0
4. 워터 트리트먼트-M,35세 ~ 39세,네이버_쇼핑검색,타겟팅,264.0,146,3.0,0.0,0.0,0.0,0.0
4. 워터 트리트먼트-M,40세 ~ 44세,네이버_쇼핑검색,타겟팅,264.0,141,3.0,0.0,0.0,0.0,0.0
4. 워터 트리트먼트-M,45세 ~ 49세,네이버_쇼핑검색,타겟팅,0.0,113,2.0,0.0,0.0,0.0,0.0
4. 워터 트리트먼트-M,50세 ~ 54세,네이버_쇼핑검색,타겟팅,0.0,86,1.0,0.0,0.0,0.0,0.0
4. 워터 트리트먼트-M,55세 ~ 59세,네이버_쇼핑검색,타겟팅,308.0,45,1.0,0.0,0.0,0.0,0.0
4. 워터 트리트먼트-M,60세 ~ 99세,네이버_쇼핑검색,타겟팅,0.0,16,0.0,0.0,0.0,0.0,0.0
4. 워터 트리트먼트-M,알 수 없음,네이버_쇼핑검색,타겟팅,308.0,4414,5.0,0.0,0.0,0.0,0.0
4. 워터 트리트먼트-PC,25세 ~ 29세,네이버_쇼핑검색,타겟팅,0.0,1,0.0,0.0,0.0,0.0,0.0
4. 워터 트리트먼트-PC,40세 ~ 44세,네이버_쇼핑검색,타겟팅,0.0,1,0.0,0.0,0.0,0.0,0.0
4. 워터 트리트먼트-PC,45세 ~ 49세,네이버_쇼핑검색,타겟팅,0.0,1,0.0,0.0,0.0,0.0,0.0
4. 워터 트리트먼트-PC,50세 ~ 54세,네이버_쇼핑검색,타겟팅,0.0,1,0.0,0.0,0.0,0.0,0.0
4. 워터 트리트먼트-PC,알 수 없음,네이버_쇼핑검색,타겟팅,0.0,11,0.0,0.0,0.0,0.0,0.0
4.더마티컬_MO,14세 ~ 18세,네이버_쇼핑검색,타겟팅,330.0,83,1.0,0.0,0.0,0.0,0.0
4.더마티컬_MO,14세 미만,네이버_쇼핑검색,타겟팅,0.0,8,0.0,0.0,0.0,0.0,0.0
4.더마티컬_MO,19세 ~ 24세,네이버_쇼핑검색,타겟팅,0.0,290,1.0,0.0,0.0,0.0,0.0
4.더마티컬_MO,25세 ~ 29세,네이버_쇼핑검색,타겟팅,660.0,715,7.0,0.0,0.0,0.0,0.0
4.더마티컬_MO,30세 ~ 34세,네이버_쇼핑검색,타겟팅,1001.0,1121,9.0,2.0,44320.0,4427.572427572428,500.5
4.더마티컬_MO,35세 ~ 39세,네이버_쇼핑검색,타겟팅,0.0,1317,14.0,0.0,0.0,0.0,0.0
4.더마티컬_MO,40세 ~ 44세,네이버_쇼핑검색,타겟팅,660.0,1780,17.0,0.0,0.0,0.0,0.0
4.더마티컬_MO,45세 ~ 49세,네이버_쇼핑검색,타겟팅,671.0,1577,24.0,0.0,0.0,0.0,0.0
4.더마티컬_MO,50세 ~ 54세,네이버_쇼핑검색,타겟팅,0.0,1125,11.0,0.0,0.0,0.0,0.0
4.더마티컬_MO,55세 ~ 59세,네이버_쇼핑검색,타겟팅,682.0,531,14.0,0.0,0.0,0.0,0.0
4.더마티컬_MO,60세 ~ 99세,네이버_쇼핑검색,타겟팅,0.0,542,12.0,0.0,0.0,0.0,0.0
4.더마티컬_MO,알 수 없음,네이버_쇼핑검색,타겟팅,330.0,1550,11.0,0.0,0.0,0.0,0.0
4.더마티컬_PC,14세 ~ 18세,네이버_쇼핑검색,타겟팅,0.0,2,0.0,0.0,0.0,0.0,0.0
4.더마티컬_PC,19세 ~ 24세,네이버_쇼핑검색,타겟팅,0.0,29,0.0,0.0,0.0,0.0,0.0
4.더마티컬_PC,25세 ~ 29세,네이버_쇼핑검색,타겟팅,0.0,58,0.0,0.0,0.0,0.0,0.0
4.더마티컬_PC,30세 ~ 34세,네이버_쇼핑검색,타겟팅,0.0,81,0.0,0.0,0.0,0.0,0.0
4.더마티컬_PC,35세 ~ 39세,네이버_쇼핑검색,타겟팅,0.0,61,0.0,0.0,0.0,0.0,0.0
4.더마티컬_PC,40세 ~ 44세,네이버_쇼핑검색,타겟팅,0.0,74,0.0,0.0,0.0,0.0,0.0
4.더마티컬_PC,45세 ~ 49세,네이버_쇼핑검색,타겟팅,0.0,54,0.0,0.0,0.0,0.0,0.0
4.더마티컬_PC,50세 ~ 54세,네이버_쇼핑검색,타겟팅,0.0,35,0.0,0.0,0.0,0.0,0.0
4.더마티컬_PC,55세 ~ 59세,네이버_쇼핑검색,타겟팅,0.0,21,0.0,0.0,0.0,0.0,0.0
4.더마티컬_PC,60세 ~ 99세,네이버_쇼핑검색,타겟팅,0.0,18,0.0,0.0,0.0,0.0,0.0
4.더마티컬_PC,알 수 없음,네이버_쇼핑검색,타겟팅,0.0,255,0.0,0.0,0.0,0.0,0.0
4.사기헤어오일-MO,14세 ~ 18세,네이버_쇼핑검색,타겟팅,0.0,102,3.0,0.0,0.0,0.0,0.0
4.사기헤어오일-MO,14세 미만,네이버_쇼핑검색,타겟팅,0.0,8,1.0,0.0,0.0,0.0,0.0
4.사기헤어오일-MO,19세 ~ 24세,네이버_쇼핑검색,타겟팅,0.0,240,11.0,1.0,14690.0,0.0,0.0
4.사기헤어오일-MO,25세 ~ 29세,네이버_쇼핑검색,타겟팅,363.0,335,20.0,2.0,55860.0,15388.429752066117,181.5
4.사기헤어오일-MO,30세 ~ 34세,네이버_쇼핑검색,타겟팅,0.0,271,12.0,2.0,57800.0,0.0,0.0
4.사기헤어오일-MO,35세 ~ 39세,네이버_쇼핑검색,타겟팅,0.0,316,14.0,1.0,15000.0,0.0,0.0
4.사기헤어오일-MO,40세 ~ 44세,네이버_쇼핑검색,타겟팅,297.0,356,8.0,2.0,57800.0,19461.27946127946,148.5
4.사기헤어오일-MO,45세 ~ 49세,네이버_쇼핑검색,타겟팅,0.0,321,18.0,3.0,112120.0,0.0,0.0
4.사기헤어오일-MO,50세 ~ 54세,네이버_쇼핑검색,타겟팅,352.0,227,13.0,1.0,28130.0,7991.477272727273,352.0
4.사기헤어오일-MO,55세 ~ 59세,네이버_쇼핑검색,타겟팅,0.0,106,9.0,0.0,0.0,0.0,0.0
4.사기헤어오일-MO,60세 ~ 99세,네이버_쇼핑검색,타겟팅,0.0,151,12.0,1.0,29000.0,0.0,0.0
4.사기헤어오일-MO,알 수 없음,네이버_쇼핑검색,타겟팅,0.0,35539,35.0,0.0,0.0,0.0,0.0
4.사기헤어오일-PC,14세 ~ 18세,네이버_쇼핑검색,타겟팅,0.0,15,0.0,0.0,0.0,0.0,0.0
4.사기헤어오일-PC,14세 미만,네이버_쇼핑검색,타겟팅,0.0,3,0.0,0.0,0.0,0.0,0.0
4.사기헤어오일-PC,19세 ~ 24세,네이버_쇼핑검색,타겟팅,0.0,109,0.0,0.0,0.0,0.0,0.0
4.사기헤어오일-PC,25세 ~ 29세,네이버_쇼핑검색,타겟팅,462.0,337,3.0,0.0,0.0,0.0,0.0
4.사기헤어오일-PC,30세 ~ 34세,네이버_쇼핑검색,타겟팅,0.0,380,6.0,1.0,29000.0,0.0,0.0
4.사기헤어오일-PC,35세 ~ 39세,네이버_쇼핑검색,타겟팅,0.0,278,5.0,3.0,71100.0,0.0,0.0
4.사기헤어오일-PC,40세 ~ 44세,네이버_쇼핑검색,타겟팅,0.0,352,1.0,0.0,0.0,0.0,0.0
4.사기헤어오일-PC,45세 ~ 49세,네이버_쇼핑검색,타겟팅,0.0,218,0.0,0.0,0.0,0.0,0.0
4.사기헤어오일-PC,50세 ~ 54세,네이버_쇼핑검색,타겟팅,0.0,194,0.0,0.0,0.0,0.0,0.0
4.사기헤어오일-PC,55세 ~ 59세,네이버_쇼핑검색,타겟팅,0.0,59,0.0,0.0,0.0,0.0,0.0
4.사기헤어오일-PC,60세 ~ 99세,네이버_쇼핑검색,타겟팅,0.0,77,0.0,0.0,0.0,0.0,0.0
4.사기헤어오일-PC,알 수 없음,네이버_쇼핑검색,타겟팅,0.0,1466,3.0,2.0,57800.0,0.0,0.0
4.젖은머리오일-MO,14세 ~ 18세,네이버_쇼핑검색,타겟팅,0.0,44,0.0,0.0,0.0,0.0,0.0
4.젖은머리오일-MO,14세 미만,네이버_쇼핑검색,타겟팅,0.0,2,0.0,0.0,0.0,0.0,0.0
4.젖은머리오일-MO,19세 ~ 24세,네이버_쇼핑검색,타겟팅,0.0,203,1.0,0.0,0.0,0.0,0.0
4.젖은머리오일-MO,25세 ~ 29세,네이버_쇼핑검색,타겟팅,550.0,279,4.0,1.0,28000.0,5090.909090909091,550.0
4.젖은머리오일-MO,30세 ~ 34세,네이버_쇼핑검색,타겟팅,55.0,251,5.0,1.0,28000.0,50909.090909090904,55.0
4.젖은머리오일-MO,35세 ~ 39세,네이버_쇼핑검색,타겟팅,462.0,146,7.0,2.0,56000.0,12121.212121212122,231.0
4.젖은머리오일-MO,40세 ~ 44세,네이버_쇼핑검색,타겟팅,440.0,68,4.0,0.0,0.0,0.0,0.0
4.젖은머리오일-MO,45세 ~ 49세,네이버_쇼핑검색,타겟팅,0.0,65,0.0,0.0,0.0,0.0,0.0
4.젖은머리오일-MO,50세 ~ 54세,네이버_쇼핑검색,타겟팅,0.0,62,1.0,0.0,0.0,0.0,0.0
4.젖은머리오일-MO,55세 ~ 59세,네이버_쇼핑검색,타겟팅,0.0,23,0.0,0.0,0.0,0.0,0.0
4.젖은머리오일-MO,60세 ~ 99세,네이버_쇼핑검색,타겟팅,440.0,33,3.0,0.0,0.0,0.0,0.0
4.젖은머리오일-MO,알 수 없음,네이버_쇼핑검색,타겟팅,0.0,30,0.0,0.0,0.0,0.0,0.0
4.젖은머리오일-PC,19세 ~ 24세,네이버_쇼핑검색,타겟팅,0.0,2,0.0,0.0,0.0,0.0,0.0
4.젖은머리오일-PC,25세 ~ 29세,네이버_쇼핑검색,타겟팅,0.0,19,0.0,0.0,0.0,0.0,0.0
4.젖은머리오일-PC,30세 ~ 34세,네이버_쇼핑검색,타겟팅,0.0,22,1.0,0.0,0.0,0.0,0.0
4.젖은머리오일-PC,35세 ~ 39세,네이버_쇼핑검색,타겟팅,396.0,11,2.0,1.0,27160.0,6858.585858585859,396.0
4.젖은머리오일-PC,40세 ~ 44세,네이버_쇼핑검색,타겟팅,0.0,6,0.0,0.0,0.0,0.0,0.0
4.젖은머리오일-PC,45세 ~ 49세,네이버_쇼핑검색,타겟팅,0.0,5,0.0,0.0,0.0,0.0,0.0
4.젖은머리오일-PC,50세 ~ 54세,네이버_쇼핑검색,타겟팅,0.0,5,0.0,0.0,0.0,0.0,0.0
4.젖은머리오일-PC,55세 ~ 59세,네이버_쇼핑검색,타겟팅,0.0,5,0.0,0.0,0.0,0.0,0.0
4.젖은머리오일-PC,알 수 없음,네이버_쇼핑검색,타겟팅,0.0,24,0.0,0.0,0.0,0.0,0.0
5.두피각질-MO,14세 ~ 18세,네이버_쇼핑검색,타겟팅,0.0,141,0.0,0.0,0.0,0.0,0.0
5.두피각질-MO,14세 미만,네이버_쇼핑검색,타겟팅,0.0,13,1.0,0.0,0.0,0.0,0.0
5.두피각질-MO,19세 ~ 24세,네이버_쇼핑검색,타겟팅,451.0,277,7.0,1.0,28000.0,6208.425720620843,451.0
5.두피각질-MO,25세 ~ 29세,네이버_쇼핑검색,타겟팅,0.0,330,7.0,0.0,0.0,0.0,0.0
5.두피각질-MO,30세 ~ 34세,네이버_쇼핑검색,타겟팅,462.0,369,18.0,2.0,55160.0,11939.39393939394,231.0
5.두피각질-MO,35세 ~ 39세,네이버_쇼핑검색,타겟팅,2288.0,310,10.0,3.0,83160.0,3634.6153846153848,762.6666666666666
5.두피각질-MO,40세 ~ 44세,네이버_쇼핑검색,타겟팅,627.0,329,7.0,1.0,12000.0,1913.8755980861245,627.0
5.두피각질-MO,45세 ~ 49세,네이버_쇼핑검색,타겟팅,1364.0,295,3.0,0.0,0.0,0.0,0.0
5.두피각질-MO,50세 ~ 54세,네이버_쇼핑검색,타겟팅,583.0,172,3.0,0.0,0.0,0.0,0.0
5.두피각질-MO,55세 ~ 59세,네이버_쇼핑검색,타겟팅,0.0,94,2.0,0.0,0.0,0.0,0.0
5.두피각질-MO,60세 ~ 99세,네이버_쇼핑검색,타겟팅,0.0,98,0.0,0.0,0.0,0.0,0.0
5.두피각질-MO,알 수 없음,네이버_쇼핑검색,타겟팅,0.0,22107,19.0,0.0,0.0,0.0,0.0
5.두피각질-PC,14세 ~ 18세,네이버_쇼핑검색,타겟팅,0.0,3,0.0,0.0,0.0,0.0,0.0
5.두피각질-PC,19세 ~ 24세,네이버_쇼핑검색,타겟팅,0.0,4,1.0,0.0,0.0,0.0,0.0
5.두피각질-PC,25세 ~ 29세,네이버_쇼핑검색,타겟팅,0.0,7,0.0,0.0,0.0,0.0,0.0
5.두피각질-PC,30세 ~ 34세,네이버_쇼핑검색,타겟팅,0.0,28,1.0,0.0,0.0,0.0,0.0
5.두피각질-PC,35세 ~ 39세,네이버_쇼핑검색,타겟팅,0.0,24,1.0,0.0,0.0,0.0,0.0
5.두피각질-PC,40세 ~ 44세,네이버_쇼핑검색,타겟팅,0.0,17,0.0,0.0,0.0,0.0,0.0
5.두피각질-PC,45세 ~ 49세,네이버_쇼핑검색,타겟팅,0.0,15,0.0,0.0,0.0,0.0,0.0
5.두피각질-PC,50세 ~ 54세,네이버_쇼핑검색,타겟팅,0.0,14,0.0,0.0,0.0,0.0,0.0
5.두피각질-PC,60세 ~ 99세,네이버_쇼핑검색,타겟팅,0.0,3,1.0,0.0,0.0,0.0,0.0
5.두피각질-PC,알 수 없음,네이버_쇼핑검색,타겟팅,0.0,241,0.0,0.0,0.0,0.0,0.0
5.사과식초_MO,14세 ~ 18세,네이버_쇼핑검색,타겟팅,0.0,136,0.0,0.0,0.0,0.0,0.0
5.사과식초_MO,14세 미만,네이버_쇼핑검색,타겟팅,0.0,16,0.0,0.0,0.0,0.0,0.0
5.사과식초_MO,19세 ~ 24세,네이버_쇼핑검색,타겟팅,0.0,414,1.0,0.0,0.0,0.0,0.0
5.사과식초_MO,25세 ~ 29세,네이버_쇼핑검색,타겟팅,0.0,770,1.0,0.0,0.0,0.0,0.0
5.사과식초_MO,30세 ~ 34세,네이버_쇼핑검색,타겟팅,660.0,1053,5.0,0.0,0.0,0.0,0.0
5.사과식초_MO,35세 ~ 39세,네이버_쇼핑검색,타겟팅,330.0,1429,5.0,0.0,0.0,0.0,0.0
5.사과식초_MO,40세 ~ 44세,네이버_쇼핑검색,타겟팅,330.0,2113,7.0,1.0,15500.0,4696.969696969697,330.0
5.사과식초_MO,45세 ~ 49세,네이버_쇼핑검색,타겟팅,330.0,1772,5.0,0.0,0.0,0.0,0.0
5.사과식초_MO,50세 ~ 54세,네이버_쇼핑검색,타겟팅,330.0,1412,4.0,0.0,0.0,0.0,0.0
5.사과식초_MO,55세 ~ 59세,네이버_쇼핑검색,타겟팅,0.0,715,0.0,0.0,0.0,0.0,0.0
5.사과식초_MO,60세 ~ 99세,네이버_쇼핑검색,타겟팅,0.0,759,1.0,0.0,0.0,0.0,0.0
5.사과식초_MO,알 수 없음,네이버_쇼핑검색,타겟팅,0.0,5113,3.0,0.0,0.0,0.0,0.0
5.사과식초_PC,14세 ~ 18세,네이버_쇼핑검색,타겟팅,0.0,16,0.0,0.0,0.0,0.0,0.0
5.사과식초_PC,14세 미만,네이버_쇼핑검색,타겟팅,0.0,1,0.0,0.0,0.0,0.0,0.0
5.사과식초_PC,19세 ~ 24세,네이버_쇼핑검색,타겟팅,0.0,58,0.0,0.0,0.0,0.0,0.0
5.사과식초_PC,25세 ~ 29세,네이버_쇼핑검색,타겟팅,0.0,175,0.0,0.0,0.0,0.0,0.0
5.사과식초_PC,30세 ~ 34세,네이버_쇼핑검색,타겟팅,0.0,265,0.0,0.0,0.0,0.0,0.0
5.사과식초_PC,35세 ~ 39세,네이버_쇼핑검색,타겟팅,0.0,224,0.0,0.0,0.0,0.0,0.0
5.사과식초_PC,40세 ~ 44세,네이버_쇼핑검색,타겟팅,0.0,319,0.0,0.0,0.0,0.0,0.0
5.사과식초_PC,45세 ~ 49세,네이버_쇼핑검색,타겟팅,0.0,253,0.0,0.0,0.0,0.0,0.0
5.사과식초_PC,50세 ~ 54세,네이버_쇼핑검색,타겟팅,0.0,182,0.0,0.0,0.0,0.0,0.0
5.사과식초_PC,55세 ~ 59세,네이버_쇼핑검색,타겟팅,0.0,74,0.0,0.0,0.0,0.0,0.0
5.사과식초_PC,60세 ~ 99세,네이버_쇼핑검색,타겟팅,0.0,71,0.0,0.0,0.0,0.0,0.0
5.사과식초_PC,알 수 없음,네이버_쇼핑검색,타겟팅,0.0,749,0.0,0.0,0.0,0.0,0.0
6.보색_PC,30세 ~ 34세,네이버_쇼핑검색,타겟팅,0.0,2,0.0,0.0,0.0,0.0,0.0
6.보색_PC,40세 ~ 44세,네이버_쇼핑검색,타겟팅,0.0,1,0.0,0.0,0.0,0.0,0.0
7.퍼퓸헤어오일_MO,14세 ~ 18세,네이버_쇼핑검색,타겟팅,0.0,300,0.0,0.0,0.0,0.0,0.0
7.퍼퓸헤어오일_MO,14세 미만,네이버_쇼핑검색,타겟팅,0.0,41,1.0,0.0,0.0,0.0,0.0
7.퍼퓸헤어오일_MO,19세 ~ 24세,네이버_쇼핑검색,타겟팅,330.0,696,1.0,0.0,0.0,0.0,0.0
7.퍼퓸헤어오일_MO,25세 ~ 29세,네이버_쇼핑검색,타겟팅,0.0,1154,1.0,0.0,0.0,0.0,0.0
7.퍼퓸헤어오일_MO,30세 ~ 34세,네이버_쇼핑검색,타겟팅,330.0,1650,4.0,0.0,0.0,0.0,0.0
7.퍼퓸헤어오일_MO,35세 ~ 39세,네이버_쇼핑검색,타겟팅,330.0,2108,6.0,0.0,0.0,0.0,0.0
7.퍼퓸헤어오일_MO,40세 ~ 44세,네이버_쇼핑검색,타겟팅,330.0,2960,11.0,0.0,0.0,0.0,0.0
7.퍼퓸헤어오일_MO,45세 ~ 49세,네이버_쇼핑검색,타겟팅,330.0,2913,12.0,1.0,29000.0,8787.878787878788,330.0
7.퍼퓸헤어오일_MO,50세 ~ 54세,네이버_쇼핑검색,타겟팅,330.0,2436,8.0,0.0,0.0,0.0,0.0
7.퍼퓸헤어오일_MO,55세 ~ 59세,네이버_쇼핑검색,타겟팅,0.0,1181,2.0,0.0,0.0,0.0,0.0
7.퍼퓸헤어오일_MO,60세 ~ 99세,네이버_쇼핑검색,타겟팅,0.0,1101,4.0,0.0,0.0,0.0,0.0
7.퍼퓸헤어오일_MO,알 수 없음,네이버_쇼핑검색,타겟팅,0.0,3176,1.0,0.0,0.0,0.0,0.0
7.퍼퓸헤어오일_PC,14세 ~ 18세,네이버_쇼핑검색,타겟팅,0.0,4,0.0,0.0,0.0,0.0,0.0
7.퍼퓸헤어오일_PC,19세 ~ 24세,네이버_쇼핑검색,타겟팅,0.0,82,0.0,0.0,0.0,0.0,0.0
7.퍼퓸헤어오일_PC,25세 ~ 29세,네이버_쇼핑검색,타겟팅,0.0,189,0.0,0.0,0.0,0.0,0.0
7.퍼퓸헤어오일_PC,30세 ~ 34세,네이버_쇼핑검색,타겟팅,0.0,215,0.0,0.0,0.0,0.0,0.0
7.퍼퓸헤어오일_PC,35세 ~ 39세,네이버_쇼핑검색,타겟팅,0.0,170,0.0,0.0,0.0,0.0,0.0
7.퍼퓸헤어오일_PC,40세 ~ 44세,네이버_쇼핑검색,타겟팅,0.0,263,0.0,0.0,0.0,0.0,0.0
7.퍼퓸헤어오일_PC,45세 ~ 49세,네이버_쇼핑검색,타겟팅,0.0,129,0.0,0.0,0.0,0.0,0.0
7.퍼퓸헤어오일_PC,50세 ~ 54세,네이버_쇼핑검색,타겟팅,0.0,125,0.0,0.0,0.0,0.0,0.0
7.퍼퓸헤어오일_PC,55세 ~ 59세,네이버_쇼핑검색,타겟팅,0.0,26,0.0,0.0,0.0,0.0,0.0
7.퍼퓸헤어오일_PC,60세 ~ 99세,네이버_쇼핑검색,타겟팅,0.0,53,0.0,0.0,0.0,0.0,0.0
7.퍼퓸헤어오일_PC,알 수 없음,네이버_쇼핑검색,타겟팅,0.0,363,0.0,0.0,0.0,0.0,0.0
8.폴리쉬오일_MO,14세 ~ 18세,네이버_쇼핑검색,타겟팅,0.0,54,0.0,0.0,0.0,0.0,0.0
8.폴리쉬오일_MO,14세 미만,네이버_쇼핑검색,타겟팅,0.0,5,0.0,0.0,0.0,0.0,0.0
8.폴리쉬오일_MO,19세 ~ 24세,네이버_쇼핑검색,타겟팅,0.0,150,0.0,0.0,0.0,0.0,0.0
8.폴리쉬오일_MO,25세 ~ 29세,네이버_쇼핑검색,타겟팅,330.0,270,1.0,0.0,0.0,0.0,0.0
8.폴리쉬오일_MO,30세 ~ 34세,네이버_쇼핑검색,타겟팅,0.0,261,0.0,0.0,0.0,0.0,0.0
8.폴리쉬오일_MO,35세 ~ 39세,네이버_쇼핑검색,타겟팅,0.0,166,0.0,0.0,0.0,0.0,0.0
8.폴리쉬오일_MO,40세 ~ 44세,네이버_쇼핑검색,타겟팅,330.0,149,1.0,0.0,0.0,0.0,0.0
8.폴리쉬오일_MO,45세 ~ 49세,네이버_쇼핑검색,타겟팅,330.0,94,1.0,0.0,0.0,0.0,0.0
8.폴리쉬오일_MO,50세 ~ 54세,네이버_쇼핑검색,타겟팅,0.0,43,0.0,0.0,0.0,0.0,0.0
8.폴리쉬오일_MO,55세 ~ 59세,네이버_쇼핑검색,타겟팅,0.0,10,0.0,0.0,0.0,0.0,0.0
8.폴리쉬오일_MO,60세 ~ 99세,네이버_쇼핑검색,타겟팅,0.0,25,0.0,0.0,0.0,0.0,0.0
8.폴리쉬오일_MO,알 수 없음,네이버_쇼핑검색,타겟팅,0.0,58,0.0,0.0,0.0,0.0,0.0
8.폴리쉬오일_PC,14세 ~ 18세,네이버_쇼핑검색,타겟팅,0.0,2,0.0,0.0,0.0,0.0,0.0
8.폴리쉬오일_PC,19세 ~ 24세,네이버_쇼핑검색,타겟팅,0.0,20,0.0,0.0,0.0,0.0,0.0
8.폴리쉬오일_PC,25세 ~ 29세,네이버_쇼핑검색,타겟팅,0.0,168,0.0,0.0,0.0,0.0,0.0
8.폴리쉬오일_PC,30세 ~ 34세,네이버_쇼핑검색,타겟팅,0.0,142,0.0,0.0,0.0,0.0,0.0
8.폴리쉬오일_PC,35세 ~ 39세,네이버_쇼핑검색,타겟팅,0.0,60,0.0,0.0,0.0,0.0,0.0
8.폴리쉬오일_PC,40세 ~ 44세,네이버_쇼핑검색,타겟팅,0.0,21,0.0,0.0,0.0,0.0,0.0
8.폴리쉬오일_PC,45세 ~ 49세,네이버_쇼핑검색,타겟팅,0.0,14,0.0,0.0,0.0,0.0,0.0
8.폴리쉬오일_PC,50세 ~ 54세,네이버_쇼핑검색,타겟팅,0.0,24,0.0,0.0,0.0,0.0,0.0
8.폴리쉬오일_PC,55세 ~ 59세,네이버_쇼핑검색,타겟팅,0.0,4,0.0,0.0,0.0,0.0,0.0
8.폴리쉬오일_PC,60세 ~ 99세,네이버_쇼핑검색,타겟팅,0.0,7,0.0,0.0,0.0,0.0,0.0
8.폴리쉬오일_PC,알 수 없음,네이버_쇼핑검색,타겟팅,0.0,157,0.0,0.0,0.0,0.0,0.0
동영상 전환수 - 2024-08-14,AGE_RANGE_18_24,구글_디맨드젠,리타겟팅,0.0,40328,93.0,5.005834,123572.6864,0.0,0.0
동영상 전환수 - 2024-08-14,AGE_RANGE_25_34,구글_디맨드젠,리타겟팅,0.0,238860,521.0,20.0,514400.0,0.0,0.0
동영상 전환수 - 2024-08-14,AGE_RANGE_35_44,구글_디맨드젠,리타겟팅,0.0,279486,798.0,27.509247,726735.0745999999,0.0,0.0
동영상 전환수 - 2024-08-14,AGE_RANGE_45_54,구글_디맨드젠,리타겟팅,0.0,309120,1239.0,57.397204,1591318.7274,0.0,0.0
동영상 전환수 - 2024-08-14,AGE_RANGE_55_64,구글_디맨드젠,리타겟팅,0.0,106190,612.0,17.984524999999998,443884.7572,0.0,0.0
동영상 전환수 - 2024-08-14,AGE_RANGE_65_UP,구글_디맨드젠,리타겟팅,0.0,18353,128.0,3.0012,74044.4592,0.0,0.0
동영상 전환수 - 2024-08-14,AGE_RANGE_UNDETERMINED,구글_디맨드젠,리타겟팅,0.0,29276,68.0,3.0,84600.0,0.0,0.0
디맨드젠-러그_매트_로브_룸슈즈,AGE_RANGE_18_24,구글_디맨드젠,리타겟팅,0.0,2428,11.0,0.0,0.0,0.0,0.0
디맨드젠-러그_매트_로브_룸슈즈,AGE_RANGE_25_34,구글_디맨드젠,리타겟팅,0.0,5689,23.0,0.0,0.0,0.0,0.0
디맨드젠-러그_매트_로브_룸슈즈,AGE_RANGE_35_44,구글_디맨드젠,리타겟팅,0.0,9303,56.0,0.0,0.0,0.0,0.0
디맨드젠-러그_매트_로브_룸슈즈,AGE_RANGE_45_54,구글_디맨드젠,리타겟팅,0.0,16249,134.0,0.0,0.0,0.0,0.0
디맨드젠-러그_매트_로브_룸슈즈,AGE_RANGE_55_64,구글_디맨드젠,리타겟팅,0.0,10987,120.0,0.0,0.0,0.0,0.0
디맨드젠-러그_매트_로브_룸슈즈,AGE_RANGE_65_UP,구글_디맨드젠,리타겟팅,0.0,1781,25.0,0.0,0.0,0.0,0.0
디맨드젠-러그_매트_로브_룸슈즈,AGE_RANGE_UNDETERMINED,구글_디맨드젠,리타겟팅,0.0,10277,46.0,0.0,0.0,0.0,0.0
쇼핑캠페인-러그_발매트_로브_룸슈즈,AGE_RANGE_18_24,구분필요,리타겟팅,0.0,341,5.0,0.0,0.0,0.0,0.0
쇼핑캠페인-러그_발매트_로브_룸슈즈,AGE_RANGE_25_34,구분필요,리타겟팅,0.0,548,4.0,0.0,0.0,0.0,0.0
쇼핑캠페인-러그_발매트_로브_룸슈즈,AGE_RANGE_35_44,구분필요,리타겟팅,0.0,381,4.0,0.0,0.0,0.0,0.0
쇼핑캠페인-러그_발매트_로브_룸슈즈,AGE_RANGE_45_54,구분필요,리타겟팅,0.0,283,0.0,0.0,0.0,0.0,0.0
쇼핑캠페인-러그_발매트_로브_룸슈즈,AGE_RANGE_55_64,구분필요,리타겟팅,0.0,144,3.0,0.0,0.0,0.0,0.0
쇼핑캠페인-러그_발매트_로브_룸슈즈,AGE_RANGE_65_UP,구분필요,리타겟팅,0.0,59,0.0,0.0,0.0,0.0,0.0
쇼핑캠페인-러그_발매트_로브_룸슈즈,AGE_RANGE_UNDETERMINED,구분필요,리타겟팅,0.0,1710,5.0,0.0,0.0,0.0,0.0
이미지,AGE_RANGE_18_24,구글_디맨드젠,리타겟팅,0.0,422,4.0,0.0,0.0,0.0,0.0
이미지,AGE_RANGE_25_34,구글_디맨드젠,리타겟팅,0.0,2220,52.0,0.0,0.0,0.0,0.0
이미지,AGE_RANGE_35_44,구글_디맨드젠,리타겟팅,0.0,7191,176.0,7.991041,232710.56339999998,0.0,0.0
이미지,AGE_RANGE_45_54,구글_디맨드젠,리타겟팅,0.0,13534,410.0,8.99183,266158.168,0.0,0.0
이미지,AGE_RANGE_55_64,구글_디맨드젠,리타겟팅,0.0,28428,793.0,2.333334,119466.6864,0.0,0.0
이미지,AGE_RANGE_65_UP,구글_디맨드젠,리타겟팅,0.0,30389,788.0,0.0,0.0,0.0,0.0
이미지,AGE_RANGE_UNDETERMINED,구글_디맨드젠,리타겟팅,0.0,340,8.0,0.0,0.0,0.0,0.0
