광고세트,성별,유형구분,타겟팅,브랜드명,상품명,프로모션,비용,노출,링크클릭,전환수,전환값,ROAS,CPA
0.브랜디드-MO-스스 1위 1500원,남성,네이버_파워링크,타겟팅,기존제품,기타,기타,21252.0,3157.0,28.0,4.0,268960.0,1265.5750047054396,5313.0
0.브랜디드-MO-스스 1위 1500원,알 수 없음,네이버_파워링크,타겟팅,기존제품,기타,기타,5511.0,7130.0,11.0,0.0,0.0,0.0,0.0
0.브랜디드-MO-스스 1위 1500원,여성,네이버_파워링크,타겟팅,기존제품,기타,기타,127325.0,7366.0,153.0,27.0,864560.0,679.0182603573533,4715.740740740741
0.브랜디드-PC-스스 3위,남성,네이버_파워링크,타겟팅,기존제품,기타,기타,264.0,2791.0,1.0,0.0,0.0,0.0,0.0
0.브랜디드-PC-스스 3위,알 수 없음,네이버_파워링크,타겟팅,기존제품,기타,기타,594.0,1878.0,2.0,0.0,0.0,0.0,0.0
0.브랜디드-PC-스스 3위,여성,네이버_파워링크,타겟팅,기존제품,기타,기타,1837.0,12047.0,7.0,2.0,25500.0,1388.1328252585738,918.5
1.브랜디드-MO-스스 1위 1300원,남성,네이버_파워링크,타겟팅,기존제품,기타,기타,0.0,10.0,0.0,0.0,0.0,0.0,0.0
1.브랜디드-MO-스스 1위 1300원,알 수 없음,네이버_파워링크,타겟팅,기존제품,기타,기타,0.0,13.0,0.0,0.0,0.0,0.0,0.0
1.브랜디드-MO-스스 1위 1300원,여성,네이버_파워링크,타겟팅,기존제품,기타,기타,1441.0,247.0,3.0,0.0,0.0,0.0,0.0
1.브랜디드-MO-스스 1위 1500원,남성,네이버_파워링크,타겟팅,기존제품,기타,기타,1881.0,2084.0,5.0,1.0,27930.0,1484.8484848484848,1881.0
1.브랜디드-MO-스스 1위 1500원,알 수 없음,네이버_파워링크,타겟팅,기존제품,기타,기타,88.0,501.0,1.0,0.0,0.0,0.0,0.0
1.브랜디드-MO-스스 1위 1500원,여성,네이버_파워링크,타겟팅,기존제품,기타,기타,12452.0,10870.0,42.0,4.0,99150.0,796.2576292964986,3113.0
1.브랜디드-MO-스스 1위 1700원,남성,네이버_파워링크,타겟팅,기존제품,기타,기타,0.0,29.0,0.0,0.0,0.0,0.0,0.0
1.브랜디드-MO-스스 1위 1700원,알 수 없음,네이버_파워링크,타겟팅,기존제품,기타,기타,0.0,11.0,0.0,0.0,0.0,0.0,0.0
1.브랜디드-MO-스스 1위 1700원,여성,네이버_파워링크,타겟팅,기존제품,기타,기타,3388.0,254.0,8.0,1.0,27160.0,801.6528925619834,3388.0
1.브랜디드-MO-스스 1위 600,남성,네이버_파워링크,타겟팅,기존제품,기타,기타,0.0,17.0,0.0,0.0,0.0,0.0,0.0
1.브랜디드-MO-스스 1위 600,알 수 없음,네이버_파워링크,타겟팅,기존제품,기타,기타,0.0,3.0,0.0,0.0,0.0,0.0,0.0
1.브랜디드-MO-스스 1위 600,여성,네이버_파워링크,타겟팅,기존제품,기타,기타,572.0,169.0,1.0,0.0,0.0,0.0,0.0
1.브랜디드-PC-스스 1위 1000원,남성,네이버_파워링크,타겟팅,기존제품,기타,기타,0.0,10.0,0.0,0.0,0.0,0.0,0.0
1.브랜디드-PC-스스 1위 1000원,알 수 없음,네이버_파워링크,타겟팅,기존제품,기타,기타,0.0,8.0,0.0,0.0,0.0,0.0,0.0
1.브랜디드-PC-스스 1위 1000원,여성,네이버_파워링크,타겟팅,기존제품,기타,기타,319.0,32.0,1.0,0.0,0.0,0.0,0.0
1.브랜디드-PC-스스 1위 1500원,남성,네이버_파워링크,타겟팅,기존제품,기타,기타,154.0,63.0,1.0,0.0,0.0,0.0,0.0
1.브랜디드-PC-스스 1위 1500원,알 수 없음,네이버_파워링크,타겟팅,기존제품,기타,기타,0.0,60.0,0.0,0.0,0.0,0.0,0.0
1.브랜디드-PC-스스 1위 1500원,여성,네이버_파워링크,타겟팅,기존제품,기타,기타,814.0,135.0,4.0,1.0,26380.0,3240.7862407862413,814.0
1.브랜디드-PC-스스 1위 500,남성,네이버_파워링크,타겟팅,기존제품,기타,기타,0.0,6.0,0.0,0.0,0.0,0.0,0.0
1.브랜디드-PC-스스 1위 500,알 수 없음,네이버_파워링크,타겟팅,기존제품,기타,기타,77.0,6.0,1.0,0.0,0.0,0.0,0.0
1.브랜디드-PC-스스 1위 500,여성,네이버_파워링크,타겟팅,기존제품,기타,기타,0.0,20.0,0.0,0.0,0.0,0.0,0.0
1.브랜디드-PC-스스 1위 500원,남성,네이버_파워링크,타겟팅,기존제품,기타,기타,0.0,51.0,0.0,0.0,0.0,0.0,0.0
1.브랜디드-PC-스스 1위 500원,알 수 없음,네이버_파워링크,타겟팅,기존제품,기타,기타,220.0,74.0,2.0,0.0,0.0,0.0,0.0
1.브랜디드-PC-스스 1위 500원,여성,네이버_파워링크,타겟팅,기존제품,기타,기타,341.0,219.0,1.0,0.0,0.0,0.0,0.0
1.브랜디드-PC-스스 1위 800원,남성,네이버_파워링크,타겟팅,기존제품,기타,기타,0.0,27.0,0.0,0.0,0.0,0.0,0.0
1.브랜디드-PC-스스 1위 800원,알 수 없음,네이버_파워링크,타겟팅,기존제품,기타,기타,0.0,10.0,0.0,0.0,0.0,0.0,0.0
1.브랜디드-PC-스스 1위 800원,여성,네이버_파워링크,타겟팅,기존제품,기타,기타,0.0,62.0,0.0,0.0,0.0,0.0,0.0
1.브랜디드-PC-스스 1위_1000원,남성,네이버_파워링크,타겟팅,기존제품,기타,기타,77.0,49.0,1.0,0.0,0.0,0.0,0.0
1.브랜디드-PC-스스 1위_1000원,알 수 없음,네이버_파워링크,타겟팅,기존제품,기타,기타,77.0,283.0,1.0,0.0,0.0,0.0,0.0
1.브랜디드-PC-스스 1위_1000원,여성,네이버_파워링크,타겟팅,기존제품,기타,기타,968.0,214.0,2.0,0.0,0.0,0.0,0.0
1.브랜디드-주요키워드제외-M,남성,네이버_쇼핑검색,타겟팅,기존제품,기타,기타,2134.0,123.0,6.0,1.0,28000.0,1312.0899718837863,2134.0
1.브랜디드-주요키워드제외-M,알 수 없음,네이버_쇼핑검색,타겟팅,기존제품,기타,기타,759.0,123.0,4.0,0.0,0.0,0.0,0.0
1.브랜디드-주요키워드제외-M,여성,네이버_쇼핑검색,타겟팅,기존제품,기타,기타,24750.0,1190.0,73.0,19.0,585900.0,2367.272727272727,1302.6315789473683
1.브랜디드-주요키워드제외-MO,남성,네이버_쇼핑검색,타겟팅,기존제품,기타,기타,242.0,34.0,2.0,0.0,0.0,0.0,0.0
1.브랜디드-주요키워드제외-MO,알 수 없음,네이버_쇼핑검색,타겟팅,기존제품,기타,기타,440.0,15.0,1.0,0.0,0.0,0.0,0.0
1.브랜디드-주요키워드제외-MO,여성,네이버_쇼핑검색,타겟팅,기존제품,기타,기타,4499.0,240.0,31.0,5.0,119320.0,2652.144921093576,899.8
1.브랜디드-주요키워드제외-PC,남성,네이버_쇼핑검색,타겟팅,기존제품,기타,기타,561.0,10.0,3.0,0.0,0.0,0.0,0.0
1.브랜디드-주요키워드제외-PC,알 수 없음,네이버_쇼핑검색,타겟팅,기존제품,기타,기타,0.0,14.0,0.0,0.0,0.0,0.0,0.0
1.브랜디드-주요키워드제외-PC,여성,네이버_쇼핑검색,타겟팅,기존제품,기타,기타,572.0,29.0,2.0,0.0,0.0,0.0,0.0
1.브랜디드-주요키워드제외_MO_1위,남성,네이버_쇼핑검색,타겟팅,기존제품,기타,기타,880.0,180.0,16.0,6.0,200460.0,22779.545454545452,146.66666666666666
1.브랜디드-주요키워드제외_MO_1위,알 수 없음,네이버_쇼핑검색,타겟팅,기존제품,기타,기타,0.0,109.0,0.0,0.0,0.0,0.0,0.0
1.브랜디드-주요키워드제외_MO_1위,여성,네이버_쇼핑검색,타겟팅,기존제품,기타,기타,6424.0,1152.0,89.0,17.0,670140.0,10431.818181818182,377.88235294117646
1.브랜디드-주요키워드제외_PC,남성,네이버_쇼핑검색,타겟팅,기존제품,기타,기타,1551.0,26.0,3.0,1.0,28000.0,1805.2869116698905,1551.0
1.브랜디드-주요키워드제외_PC,알 수 없음,네이버_쇼핑검색,타겟팅,기존제품,기타,기타,55.0,97.0,1.0,0.0,0.0,0.0,0.0
1.브랜디드-주요키워드제외_PC,여성,네이버_쇼핑검색,타겟팅,기존제품,기타,기타,3443.0,98.0,8.0,0.0,0.0,0.0,0.0
1.브랜디드-주요키워드제외_PC_1위1000,남성,네이버_쇼핑검색,타겟팅,기존제품,기타,기타,0.0,8.0,0.0,0.0,0.0,0.0,0.0
1.브랜디드-주요키워드제외_PC_1위1000,알 수 없음,네이버_쇼핑검색,타겟팅,기존제품,기타,기타,55.0,15.0,1.0,0.0,0.0,0.0,0.0
1.브랜디드-주요키워드제외_PC_1위1000,여성,네이버_쇼핑검색,타겟팅,기존제품,기타,기타,275.0,36.0,5.0,0.0,0.0,0.0,0.0
1.브랜디드_주요키워드제외-MO,남성,네이버_쇼핑검색,타겟팅,기존제품,기타,기타,20526.0,665.0,16.0,0.0,0.0,0.0,0.0
1.브랜디드_주요키워드제외-MO,알 수 없음,네이버_쇼핑검색,타겟팅,기존제품,기타,기타,6501.0,2720.0,6.0,0.0,0.0,0.0,0.0
1.브랜디드_주요키워드제외-MO,여성,네이버_쇼핑검색,타겟팅,기존제품,기타,기타,243001.0,3095.0,231.0,22.0,596310.0,245.39405187632974,11045.5
1.브랜디드_주요키워드제외-PC,남성,네이버_쇼핑검색,타겟팅,기존제품,기타,기타,13882.0,123.0,9.0,4.0,255000.0,1836.911107909523,3470.5
1.브랜디드_주요키워드제외-PC,알 수 없음,네이버_쇼핑검색,타겟팅,기존제품,기타,기타,2849.0,269.0,2.0,0.0,0.0,0.0,0.0
1.브랜디드_주요키워드제외-PC,여성,네이버_쇼핑검색,타겟팅,기존제품,기타,기타,19679.0,390.0,15.0,2.0,103310.0,524.975862594644,9839.5
1.헤어필업_MO,남성,네이버_쇼핑검색,타겟팅,기존제품,기타,기타,23881.0,3002.0,11.0,0.0,0.0,0.0,0.0
1.헤어필업_MO,알 수 없음,네이버_쇼핑검색,타겟팅,기존제품,기타,기타,2816.0,6448.0,1.0,0.0,0.0,0.0,0.0
1.헤어필업_MO,여성,네이버_쇼핑검색,타겟팅,기존제품,기타,기타,48928.0,7681.0,37.0,5.0,201690.0,412.21795291039894,9785.6
1.헤어필업_PC,남성,네이버_쇼핑검색,타겟팅,기존제품,기타,기타,0.0,223.0,0.0,0.0,0.0,0.0,0.0
1.헤어필업_PC,알 수 없음,네이버_쇼핑검색,타겟팅,기존제품,기타,기타,0.0,129.0,0.0,0.0,0.0,0.0,0.0
1.헤어필업_PC,여성,네이버_쇼핑검색,타겟팅,기존제품,기타,기타,0.0,348.0,0.0,0.0,0.0,0.0,0.0
2. 트리트먼트-M,남성,네이버_쇼핑검색,타겟팅,기존제품,기타,기타,35849.0,698.0,6.0,0.0,0.0,0.0,0.0
2. 트리트먼트-M,알 수 없음,네이버_쇼핑검색,타겟팅,기존제품,기타,기타,105556.0,82863.0,20.0,0.0,0.0,0.0,0.0
2. 트리트먼트-M,여성,네이버_쇼핑검색,타겟팅,기존제품,기타,기타,193963.0,3657.0,45.0,5.0,109470.0,56.438599114264065,38792.6
2. 트리트먼트-PC,남성,네이버_쇼핑검색,타겟팅,기존제품,기타,기타,0.0,4.0,0.0,0.0,0.0,0.0,0.0
2. 트리트먼트-PC,알 수 없음,네이버_쇼핑검색,타겟팅,기존제품,기타,기타,0.0,17.0,0.0,0.0,0.0,0.0,0.0
2. 트리트먼트-PC,여성,네이버_쇼핑검색,타겟팅,기존제품,기타,기타,0.0,5.0,0.0,0.0,0.0,0.0,0.0
2.머리에센스-MO,남성,네이버_쇼핑검색,타겟팅,기존제품,기타,기타,50050.0,1143.0,16.0,1.0,28800.0,57.54245754245755,50050.0
2.머리에센스-MO,알 수 없음,네이버_쇼핑검색,타겟팅,기존제품,기타,기타,0.0,4056.0,0.0,0.0,0.0,0.0,0.0
2.머리에센스-MO,여성,네이버_쇼핑검색,타겟팅,기존제품,기타,기타,79024.0,1939.0,25.0,0.0,0.0,0.0,0.0
2.머리에센스-PC,남성,네이버_쇼핑검색,타겟팅,기존제품,기타,기타,0.0,9.0,0.0,0.0,0.0,0.0,0.0
2.머리에센스-PC,알 수 없음,네이버_쇼핑검색,타겟팅,기존제품,기타,기타,0.0,2.0,0.0,0.0,0.0,0.0,0.0
2.머리에센스-PC,여성,네이버_쇼핑검색,타겟팅,기존제품,기타,기타,0.0,5.0,0.0,0.0,0.0,0.0,0.0
2.제네릭-MO-스스 1위 1500,남성,네이버_파워링크,타겟팅,기존제품,기타,기타,16951.0,3437.0,19.0,3.0,82320.0,485.6350657778302,5650.333333333333
2.제네릭-MO-스스 1위 1500,알 수 없음,네이버_파워링크,타겟팅,기존제품,기타,기타,1903.0,301.0,3.0,0.0,0.0,0.0,0.0
2.제네릭-MO-스스 1위 1500,여성,네이버_파워링크,타겟팅,기존제품,기타,기타,72721.0,7720.0,75.0,8.0,200320.0,275.4637587491921,9090.125
2.제네릭-PC-스스 1위 1000,남성,네이버_파워링크,타겟팅,기존제품,기타,기타,5280.0,540.0,6.0,0.0,0.0,0.0,0.0
2.제네릭-PC-스스 1위 1000,알 수 없음,네이버_파워링크,타겟팅,기존제품,기타,기타,913.0,177.0,1.0,0.0,0.0,0.0,0.0
2.제네릭-PC-스스 1위 1000,여성,네이버_파워링크,타겟팅,기존제품,기타,기타,7601.0,572.0,9.0,0.0,0.0,0.0,0.0
2.제네릭-메인-MO-스스 3위 2200원,남성,네이버_파워링크,타겟팅,기존제품,기타,기타,115632.0,13437.0,69.0,0.0,0.0,0.0,0.0
2.제네릭-메인-MO-스스 3위 2200원,알 수 없음,네이버_파워링크,타겟팅,기존제품,기타,기타,49456.0,84749.0,34.0,0.0,0.0,0.0,0.0
2.제네릭-메인-MO-스스 3위 2200원,여성,네이버_파워링크,타겟팅,기존제품,기타,기타,519145.0,37778.0,308.0,7.0,246010.0,47.38753142185709,74163.57142857143
2.제네릭-메인-PC-스스 4위 1500원,남성,네이버_파워링크,타겟팅,기존제품,기타,기타,7216.0,11538.0,6.0,0.0,0.0,0.0,0.0
2.제네릭-메인-PC-스스 4위 1500원,알 수 없음,네이버_파워링크,타겟팅,기존제품,기타,기타,11418.0,98997.0,10.0,0.0,0.0,0.0,0.0
2.제네릭-메인-PC-스스 4위 1500원,여성,네이버_파워링크,타겟팅,기존제품,기타,기타,29436.0,17817.0,21.0,2.0,85730.0,291.2420165783395,14718.0
2.지성두피-MO,남성,네이버_쇼핑검색,타겟팅,기존제품,기타,기타,7007.0,630.0,5.0,1.0,54320.0,775.2247752247753,7007.0
2.지성두피-MO,알 수 없음,네이버_쇼핑검색,타겟팅,기존제품,기타,기타,64086.0,5071.0,14.0,0.0,0.0,0.0,0.0
2.지성두피-MO,여성,네이버_쇼핑검색,타겟팅,기존제품,기타,기타,55044.0,2311.0,12.0,0.0,0.0,0.0,0.0
2.지성두피-PC,남성,네이버_쇼핑검색,타겟팅,기존제품,기타,기타,0.0,57.0,0.0,0.0,0.0,0.0,0.0
2.지성두피-PC,알 수 없음,네이버_쇼핑검색,타겟팅,기존제품,기타,기타,0.0,1479.0,0.0,0.0,0.0,0.0,0.0
2.지성두피-PC,여성,네이버_쇼핑검색,타겟팅,기존제품,기타,기타,1727.0,111.0,3.0,1.0,28000.0,1621.3086276780543,1727.0
2.케라틴_MO,남성,네이버_쇼핑검색,타겟팅,기존제품,기타,기타,0.0,39.0,0.0,0.0,0.0,0.0,0.0
2.케라틴_MO,알 수 없음,네이버_쇼핑검색,타겟팅,기존제품,기타,기타,0.0,6.0,0.0,0.0,0.0,0.0,0.0
2.케라틴_MO,여성,네이버_쇼핑검색,타겟팅,기존제품,기타,기타,330.0,223.0,1.0,0.0,0.0,0.0,0.0
2.케라틴_PC,남성,네이버_쇼핑검색,타겟팅,기존제품,기타,기타,0.0,35.0,0.0,0.0,0.0,0.0,0.0
2.케라틴_PC,알 수 없음,네이버_쇼핑검색,타겟팅,기존제품,기타,기타,0.0,15.0,0.0,0.0,0.0,0.0,0.0
2.케라틴_PC,여성,네이버_쇼핑검색,타겟팅,기존제품,기타,기타,330.0,80.0,1.0,0.0,0.0,0.0,0.0
2.폴리쉬오일-MO,남성,네이버_쇼핑검색,타겟팅,기존제품,기타,기타,109978.0,3323.0,44.0,6.0,168000.0,152.75782429213115,18329.666666666668
2.폴리쉬오일-MO,알 수 없음,네이버_쇼핑검색,타겟팅,기존제품,기타,기타,10307.0,353.0,4.0,0.0,0.0,0.0,0.0
2.폴리쉬오일-MO,여성,네이버_쇼핑검색,타겟팅,기존제품,기타,기타,472307.0,8731.0,201.0,18.0,504780.0,106.87540095742811,26239.277777777777
2.폴리쉬오일-PC,남성,네이버_쇼핑검색,타겟팅,기존제품,기타,기타,660.0,65.0,1.0,1.0,14200.0,2151.5151515151515,660.0
2.폴리쉬오일-PC,알 수 없음,네이버_쇼핑검색,타겟팅,기존제품,기타,기타,1199.0,44.0,1.0,0.0,0.0,0.0,0.0
2.폴리쉬오일-PC,여성,네이버_쇼핑검색,타겟팅,기존제품,기타,기타,198.0,80.0,1.0,0.0,0.0,0.0,0.0
3. 앰플 트리트먼트-M,남성,네이버_쇼핑검색,타겟팅,기존제품,기타,기타,3212.0,92.0,1.0,0.0,0.0,0.0,0.0
3. 앰플 트리트먼트-M,알 수 없음,네이버_쇼핑검색,타겟팅,기존제품,기타,기타,0.0,3189.0,0.0,0.0,0.0,0.0,0.0
3. 앰플 트리트먼트-M,여성,네이버_쇼핑검색,타겟팅,기존제품,기타,기타,33913.0,456.0,13.0,1.0,18000.0,53.07699112434759,33913.0
3. 앰플 트리트먼트-PC,남성,네이버_쇼핑검색,타겟팅,기존제품,기타,기타,2475.0,17.0,1.0,0.0,0.0,0.0,0.0
3. 앰플 트리트먼트-PC,알 수 없음,네이버_쇼핑검색,타겟팅,기존제품,기타,기타,0.0,116.0,0.0,0.0,0.0,0.0,0.0
3. 앰플 트리트먼트-PC,여성,네이버_쇼핑검색,타겟팅,기존제품,기타,기타,7051.0,84.0,3.0,0.0,0.0,0.0,0.0
3.머리두피냄새-MO,남성,네이버_쇼핑검색,타겟팅,기존제품,기타,기타,23540.0,669.0,10.0,1.0,27160.0,115.37807986406116,23540.0
3.머리두피냄새-MO,알 수 없음,네이버_쇼핑검색,타겟팅,기존제품,기타,기타,14080.0,13483.0,6.0,0.0,0.0,0.0,0.0
3.머리두피냄새-MO,여성,네이버_쇼핑검색,타겟팅,기존제품,기타,기타,37312.0,1950.0,20.0,1.0,56000.0,150.08576329331046,37312.0
3.머리두피냄새-PC,남성,네이버_쇼핑검색,타겟팅,기존제품,기타,기타,7414.0,376.0,3.0,0.0,0.0,0.0,0.0
3.머리두피냄새-PC,알 수 없음,네이버_쇼핑검색,타겟팅,기존제품,기타,기타,0.0,710.0,0.0,0.0,0.0,0.0,0.0
3.머리두피냄새-PC,여성,네이버_쇼핑검색,타겟팅,기존제품,기타,기타,13508.0,528.0,5.0,0.0,0.0,0.0,0.0
3.원더_MO,남성,네이버_쇼핑검색,타겟팅,기존제품,기타,기타,0.0,2.0,0.0,0.0,0.0,0.0,0.0
3.원더_MO,여성,네이버_쇼핑검색,타겟팅,기존제품,기타,기타,330.0,23.0,1.0,0.0,0.0,0.0,0.0
3.원더_PC,남성,네이버_쇼핑검색,타겟팅,기존제품,기타,기타,0.0,6.0,0.0,0.0,0.0,0.0,0.0
3.원더_PC,여성,네이버_쇼핑검색,타겟팅,기존제품,기타,기타,0.0,10.0,0.0,0.0,0.0,0.0,0.0
3.웨트오일-MO,남성,네이버_쇼핑검색,타겟팅,기존제품,기타,기타,28600.0,890.0,11.0,1.0,28000.0,97.9020979020979,28600.0
3.웨트오일-MO,알 수 없음,네이버_쇼핑검색,타겟팅,기존제품,기타,기타,0.0,125.0,0.0,0.0,0.0,0.0,0.0
3.웨트오일-MO,여성,네이버_쇼핑검색,타겟팅,기존제품,기타,기타,212267.0,3729.0,87.0,8.0,220640.0,103.94456038856723,26533.375
3.웨트오일-PC,남성,네이버_쇼핑검색,타겟팅,기존제품,기타,기타,3344.0,124.0,3.0,0.0,0.0,0.0,0.0
3.웨트오일-PC,알 수 없음,네이버_쇼핑검색,타겟팅,기존제품,기타,기타,6039.0,74.0,5.0,1.0,28000.0,463.6529226693161,6039.0
3.웨트오일-PC,여성,네이버_쇼핑검색,타겟팅,기존제품,기타,기타,4565.0,234.0,3.0,0.0,0.0,0.0,0.0
3.제네릭-서브-MO-스스 3위 1200원,남성,네이버_파워링크,타겟팅,기존제품,기타,기타,1265.0,435.0,1.0,0.0,0.0,0.0,0.0
3.제네릭-서브-MO-스스 3위 1200원,알 수 없음,네이버_파워링크,타겟팅,기존제품,기타,기타,0.0,415.0,0.0,0.0,0.0,0.0,0.0
3.제네릭-서브-MO-스스 3위 1200원,여성,네이버_파워링크,타겟팅,기존제품,기타,기타,2453.0,789.0,3.0,0.0,0.0,0.0,0.0
3.제네릭-서브-PC-스스 4위 1200원,남성,네이버_파워링크,타겟팅,기존제품,기타,기타,0.0,326.0,0.0,0.0,0.0,0.0,0.0
3.제네릭-서브-PC-스스 4위 1200원,알 수 없음,네이버_파워링크,타겟팅,기존제품,기타,기타,0.0,187.0,0.0,0.0,0.0,0.0,0.0
3.제네릭-서브-PC-스스 4위 1200원,여성,네이버_파워링크,타겟팅,기존제품,기타,기타,2200.0,175.0,2.0,0.0,0.0,0.0,0.0
3.헤어에센스-MO,남성,네이버_쇼핑검색,타겟팅,기존제품,기타,기타,103191.0,3959.0,28.0,3.0,84930.0,82.30368927522748,34397.0
3.헤어에센스-MO,알 수 없음,네이버_쇼핑검색,타겟팅,기존제품,기타,기타,160083.0,94163.0,45.0,0.0,0.0,0.0,0.0
3.헤어에센스-MO,여성,네이버_쇼핑검색,타겟팅,기존제품,기타,기타,529100.0,14735.0,186.0,18.0,466250.0,88.12133812133813,29394.444444444445
3.헤어에센스-PC,남성,네이버_쇼핑검색,타겟팅,기존제품,기타,기타,0.0,1.0,0.0,0.0,0.0,0.0,0.0
4. 워터 트리트먼트-M,남성,네이버_쇼핑검색,타겟팅,기존제품,기타,기타,5225.0,116.0,2.0,0.0,0.0,0.0,0.0
4. 워터 트리트먼트-M,알 수 없음,네이버_쇼핑검색,타겟팅,기존제품,기타,기타,13805.0,4409.0,5.0,0.0,0.0,0.0,0.0
4. 워터 트리트먼트-M,여성,네이버_쇼핑검색,타겟팅,기존제품,기타,기타,63701.0,890.0,25.0,1.0,23000.0,36.10618357639597,63701.0
4. 워터 트리트먼트-PC,남성,네이버_쇼핑검색,타겟팅,기존제품,기타,기타,0.0,2.0,0.0,0.0,0.0,0.0,0.0
4. 워터 트리트먼트-PC,알 수 없음,네이버_쇼핑검색,타겟팅,기존제품,기타,기타,0.0,11.0,0.0,0.0,0.0,0.0,0.0
4. 워터 트리트먼트-PC,여성,네이버_쇼핑검색,타겟팅,기존제품,기타,기타,0.0,2.0,0.0,0.0,0.0,0.0,0.0
4.더마티컬_MO,남성,네이버_쇼핑검색,타겟팅,기존제품,기타,기타,54395.0,3448.0,16.0,0.0,0.0,0.0,0.0
4.더마티컬_MO,알 수 없음,네이버_쇼핑검색,타겟팅,기존제품,기타,기타,36410.0,1477.0,10.0,0.0,0.0,0.0,0.0
4.더마티컬_MO,여성,네이버_쇼핑검색,타겟팅,기존제품,기타,기타,282491.0,5714.0,95.0,2.0,44320.0,15.688995401623416,141245.5
4.더마티컬_PC,남성,네이버_쇼핑검색,타겟팅,기존제품,기타,기타,0.0,266.0,0.0,0.0,0.0,0.0,0.0
4.더마티컬_PC,알 수 없음,네이버_쇼핑검색,타겟팅,기존제품,기타,기타,0.0,190.0,0.0,0.0,0.0,0.0,0.0
4.더마티컬_PC,여성,네이버_쇼핑검색,타겟팅,기존제품,기타,기타,0.0,232.0,0.0,0.0,0.0,0.0,0.0
4.사기헤어오일-MO,남성,네이버_쇼핑검색,타겟팅,기존제품,기타,기타,37114.0,522.0,17.0,2.0,42930.0,115.67063641752438,18557.0
4.사기헤어오일-MO,알 수 없음,네이버_쇼핑검색,타겟팅,기존제품,기타,기타,85503.0,35514.0,34.0,0.0,0.0,0.0,0.0
4.사기헤어오일-MO,여성,네이버_쇼핑검색,타겟팅,기존제품,기타,기타,232485.0,1936.0,105.0,11.0,327470.0,140.85639933759165,21135.0
4.사기헤어오일-PC,남성,네이버_쇼핑검색,타겟팅,기존제품,기타,기타,11693.0,845.0,5.0,1.0,28800.0,246.30120584965366,11693.0
4.사기헤어오일-PC,알 수 없음,네이버_쇼핑검색,타겟팅,기존제품,기타,기타,4741.0,1238.0,2.0,1.0,29000.0,611.6852984602405,4741.0
4.사기헤어오일-PC,여성,네이버_쇼핑검색,타겟팅,기존제품,기타,기타,22616.0,1405.0,11.0,4.0,100100.0,442.6070038910506,5654.0
4.젖은머리오일-MO,남성,네이버_쇼핑검색,타겟팅,기존제품,기타,기타,16610.0,335.0,8.0,2.0,56000.0,337.1462974111981,8305.0
4.젖은머리오일-MO,알 수 없음,네이버_쇼핑검색,타겟팅,기존제품,기타,기타,0.0,29.0,0.0,0.0,0.0,0.0,0.0
4.젖은머리오일-MO,여성,네이버_쇼핑검색,타겟팅,기존제품,기타,기타,25311.0,842.0,17.0,2.0,56000.0,221.24767887479751,12655.5
4.젖은머리오일-PC,남성,네이버_쇼핑검색,타겟팅,기존제품,기타,기타,2750.0,26.0,2.0,1.0,27160.0,987.6363636363637,2750.0
4.젖은머리오일-PC,알 수 없음,네이버_쇼핑검색,타겟팅,기존제품,기타,기타,0.0,16.0,0.0,0.0,0.0,0.0,0.0
4.젖은머리오일-PC,여성,네이버_쇼핑검색,타겟팅,기존제품,기타,기타,396.0,57.0,1.0,0.0,0.0,0.0,0.0
5.두피각질-MO,남성,네이버_쇼핑검색,타겟팅,기존제품,기타,기타,44407.0,657.0,20.0,2.0,56000.0,126.10624451100053,22203.5
5.두피각질-MO,알 수 없음,네이버_쇼핑검색,타겟팅,기존제품,기타,기타,85162.0,22085.0,18.0,0.0,0.0,0.0,0.0
5.두피각질-MO,여성,네이버_쇼핑검색,타겟팅,기존제품,기타,기타,81455.0,1793.0,39.0,5.0,122320.0,150.16880486158,16291.0
5.두피각질-PC,남성,네이버_쇼핑검색,타겟팅,기존제품,기타,기타,4939.0,35.0,2.0,0.0,0.0,0.0,0.0
5.두피각질-PC,알 수 없음,네이버_쇼핑검색,타겟팅,기존제품,기타,기타,0.0,219.0,0.0,0.0,0.0,0.0,0.0
5.두피각질-PC,여성,네이버_쇼핑검색,타겟팅,기존제품,기타,기타,6072.0,102.0,2.0,0.0,0.0,0.0,0.0
5.사과식초_MO,남성,네이버_쇼핑검색,타겟팅,기존제품,기타,기타,16225.0,3716.0,6.0,0.0,0.0,0.0,0.0
5.사과식초_MO,알 수 없음,네이버_쇼핑검색,타겟팅,기존제품,기타,기타,10769.0,4963.0,3.0,0.0,0.0,0.0,0.0
5.사과식초_MO,여성,네이버_쇼핑검색,타겟팅,기존제품,기타,기타,69289.0,7023.0,23.0,1.0,15500.0,22.37007317178773,69289.0
5.사과식초_PC,남성,네이버_쇼핑검색,타겟팅,기존제품,기타,기타,0.0,1091.0,0.0,0.0,0.0,0.0,0.0
5.사과식초_PC,알 수 없음,네이버_쇼핑검색,타겟팅,기존제품,기타,기타,0.0,547.0,0.0,0.0,0.0,0.0,0.0
5.사과식초_PC,여성,네이버_쇼핑검색,타겟팅,기존제품,기타,기타,0.0,749.0,0.0,0.0,0.0,0.0,0.0
6.보색_PC,남성,네이버_쇼핑검색,타겟팅,기존제품,기타,기타,0.0,1.0,0.0,0.0,0.0,0.0,0.0
6.보색_PC,여성,네이버_쇼핑검색,타겟팅,기존제품,기타,기타,0.0,2.0,0.0,0.0,0.0,0.0,0.0
7.퍼퓸헤어오일_MO,남성,네이버_쇼핑검색,타겟팅,기존제품,기타,기타,25476.0,4455.0,7.0,0.0,0.0,0.0,0.0
7.퍼퓸헤어오일_MO,알 수 없음,네이버_쇼핑검색,타겟팅,기존제품,기타,기타,4246.0,3027.0,1.0,0.0,0.0,0.0,0.0
7.퍼퓸헤어오일_MO,여성,네이버_쇼핑검색,타겟팅,기존제품,기타,기타,151063.0,12234.0,43.0,1.0,29000.0,19.197288548486394,151063.0
7.퍼퓸헤어오일_PC,남성,네이버_쇼핑검색,타겟팅,기존제품,기타,기타,0.0,556.0,0.0,0.0,0.0,0.0,0.0
7.퍼퓸헤어오일_PC,알 수 없음,네이버_쇼핑검색,타겟팅,기존제품,기타,기타,0.0,246.0,0.0,0.0,0.0,0.0,0.0
7.퍼퓸헤어오일_PC,여성,네이버_쇼핑검색,타겟팅,기존제품,기타,기타,0.0,817.0,0.0,0.0,0.0,0.0,0.0
8.폴리쉬오일_MO,남성,네이버_쇼핑검색,타겟팅,기존제품,기타,기타,0.0,331.0,0.0,0.0,0.0,0.0,0.0
8.폴리쉬오일_MO,알 수 없음,네이버_쇼핑검색,타겟팅,기존제품,기타,기타,0.0,45.0,0.0,0.0,0.0,0.0,0.0
8.폴리쉬오일_MO,여성,네이버_쇼핑검색,타겟팅,기존제품,기타,기타,990.0,909.0,3.0,0.0,0.0,0.0,0.0
8.폴리쉬오일_PC,남성,네이버_쇼핑검색,타겟팅,기존제품,기타,기타,0.0,153.0,0.0,0.0,0.0,0.0,0.0
8.폴리쉬오일_PC,알 수 없음,네이버_쇼핑검색,타겟팅,기존제품,기타,기타,0.0,115.0,0.0,0.0,0.0,0.0,0.0
8.폴리쉬오일_PC,여성,네이버_쇼핑검색,타겟팅,기존제품,기타,기타,0.0,351.0,0.0,0.0,0.0,0.0,0.0
동영상 전환수 - 2024-08-14,FEMALE,구글_디맨드젠,리타겟팅,기존제품,기타,기타,1165898.65,389484.0,1710.0,59.82,1731687.54,148.52813664378118,19490.114510197258
동영상 전환수 - 2024-08-14,MALE,구글_디맨드젠,리타겟팅,기존제품,기타,기타,1144131.38,589453.0,1625.0,71.07,1730468.1400000001,151.24732790739472,16098.654565920922
동영상 전환수 - 2024-08-14,UNDETERMINED,구글_디맨드젠,리타겟팅,기존제품,기타,기타,80757.81999999999,42676.0,124.0,3.0,96400.0,119.3692449845724,26919.27333333333
디맨드젠-러그_매트_로브_룸슈즈,FEMALE,구글_디맨드젠,리타겟팅,기존제품,룸슈즈,기타,90501.16,26596.0,262.0,0.0,0.0,0.0,0.0
디맨드젠-러그_매트_로브_룸슈즈,MALE,구글_디맨드젠,리타겟팅,기존제품,룸슈즈,기타,34532.02,22952.0,145.0,0.0,0.0,0.0,0.0
디맨드젠-러그_매트_로브_룸슈즈,UNDETERMINED,구글_디맨드젠,리타겟팅,기존제품,룸슈즈,기타,10934.789999999999,12379.0,62.0,0.0,0.0,0.0,0.0
쇼핑캠페인-러그_발매트_로브_룸슈즈,FEMALE,구분필요,리타겟팅,기존제품,발매트,기타,13239.0,1544.0,16.0,0.0,0.0,0.0,0.0
쇼핑캠페인-러그_발매트_로브_룸슈즈,MALE,구분필요,리타겟팅,기존제품,발매트,기타,2980.0,758.0,4.0,0.0,0.0,0.0,0.0
쇼핑캠페인-러그_발매트_로브_룸슈즈,UNDETERMINED,구분필요,리타겟팅,기존제품,발매트,기타,6152.0,2148.0,7.0,0.0,0.0,0.0,0.0
이미지,FEMALE,구글_디맨드젠,리타겟팅,기존제품,기타,기타,336262.15,69930.0,1950.0,19.31,618335.4199999999,183.88493025456475,17413.886587260487
이미지,MALE,구글_디맨드젠,리타겟팅,기존제품,기타,기타,43271.8,12151.0,274.0,0.0,0.0,0.0,0.0
이미지,UNDETERMINED,구글_디맨드젠,리타겟팅,기존제품,기타,기타,1530.3600000000001,443.0,7.0,0.0,0.0,0.0,0.0
